경기 일정,지역,비고,시간,3-시간,2-시간,1-시간,0시간,1시간,2시간,누적 강수량
2020-05-08,고척,0,18:30,0,0,0,0,0,0,0
2020-05-09,고척,0,17:00,0,0,0,0,0,0,0
2020-05-10,고척,0,14:00,0,0,0,0,0,0,0
2020-05-12,고척,0,18:30,0,0,0,0,0,0,0
2020-05-13,고척,0,18:30,0,0,0,0,0,0,0
2020-05-14,고척,0,18:30,0,0,0,0,0,0,0
2020-05-19,고척,0,18:30,0,0,0,0,0,0,0
2020-05-20,고척,0,18:30,0,0,0,0,0,0,0
2020-05-21,고척,0,18:30,0,0,0,0,0,0,0
2020-05-22,고척,0,18:30,0,0,0,0,0,0,0
2020-05-23,고척,0,17:00,0,0,0,0,0,0,0
2020-05-24,고척,0,14:00,0,0,0,0,0,0,0
2020-05-29,고척,0,18:30,0,0,0,0,0,0,0
2020-05-30,고척,0,17:00,0,0,0,0,0,0,0
2020-05-31,고척,0,14:00,0,0,0,0,0,0,0
2020-06-05,고척,0,18:30,0,0,0,0,0,0,0
2020-06-06,고척,0,17:00,0,0,0,0,0,0,0
2020-06-07,고척,0,17:00,0,0,0,0,0,0,0
2020-06-16,고척,0,18:30,0,0,0,0,0,0,0
2020-06-17,고척,0,18:30,0,0,0,0,0,0,0
2020-06-18,고척,0,18:30,0,0,0,0,0,0,0
2020-06-19,고척,0,18:30,0,0,0,0,0,0,0
2020-06-20,고척,0,17:00,0,0,0,0,0,0,0
2020-06-21,고척,0,17:00,0,0,0,0,0,0,0
2020-06-26,고척,0,18:30,0,0,0,0,0,0,0
2020-06-27,고척,0,17:00,0,0,0,0,0,0,0
2020-06-28,고척,0,17:00,0,0,0,0,0,0,0
2020-06-30,고척,0,18:30,0,0,0,0,0,0,0
2020-07-01,고척,0,18:30,0,0,0,0,0,0,0
2020-07-02,고척,0,18:30,0,0,0,0,0,0,0
2020-07-07,고척,0,18:30,0,0,0,0,0,0,0
2020-07-08,고척,0,18:30,0,0,0,0,0,0,0
2020-07-09,고척,0,18:30,0,0,0,0,0,0,0
2020-07-14,고척,0,18:30,0,0,0,0,0,0,0
2020-07-15,고척,0,18:30,0,0,0,0,0,0,0
2020-07-16,고척,0,18:30,0,0,0,0,0,0,0
2020-07-24,고척,0,18:30,0,0,0,0,0,0,0
2020-07-25,고척,0,18:00,0,0,0,0,0,0,0
2020-07-26,고척,0,17:00,0,0,0,0,0,0,0
2020-08-04,고척,0,18:30,0,0,0,0,0,0,0
2020-08-05,고척,0,18:30,0,0,0,0,0,0,0
2020-08-06,고척,0,18:30,0,0,0,0,0,0,0
2020-08-07,고척,0,18:30,0,0,0,0,0,0,0
2020-08-08,고척,0,18:00,0,0,0,0,0,0,0
2020-08-09,고척,0,17:00,0,0,0,0,0,0,0
2020-08-11,고척,0,18:30,0,0,0,0,0,0,0
2020-08-12,고척,0,18:30,0,0,0,0,0,0,0
2020-08-13,고척,0,18:30,0,0,0,0,0,0,0
2020-08-21,고척,0,18:30,0,0,0,0,0,0,0
2020-08-22,고척,0,18:00,0,0,0,0,0,0,0
2020-08-23,고척,0,17:00,0,0,0,0,0,0,0
2020-08-29,고척,0,18:00,0,0,0,0,0,0,0
2020-08-30,고척,0,17:00,0,0,0,0,0,0,0
2020-09-01,고척,0,18:30,0,0,0,0,0,0,0
2020-09-02,고척,0,18:30,0,0,0,0,0,0,0
2020-09-05,고척,0,17:00,0,0,0,0,0,0,0
2020-09-06,고척,0,14:00,0,0,0,0,0,0,0
2020-09-12,고척,0,17:00,0,0,0,0,0,0,0
2020-09-13,고척,0,14:00,0,0,0,0,0,0,0
2020-09-15,고척,0,18:30,0,0,0,0,0,0,0
2020-09-16,고척,0,18:30,0,0,0,0,0,0,0
2020-09-17,고척,0,18:30,0,0,0,0,0,0,0
2020-09-18,고척,0,18:30,0,0,0,0,0,0,0
2020-09-24,고척,0,18:30,0,0,0,0,0,0,0
2020-09-25,고척,0,18:30,0,0,0,0,0,0,0
2020-09-29,고척,0,18:30,0,0,0,0,0,0,0
2020-09-30,고척,0,14:00,0,0,0,0,0,0,0
2020-10-01,고척,0,14:00,0,0,0,0,0,0,0
2020-10-02,고척,0,14:00,0,0,0,0,0,0,0
2020-10-06,고척,0,18:30,0,0,0,0,0,0,0
2020-10-07,고척,0,18:30,0,0,0,0,0,0,0
2020-10-08,고척,0,18:30,0,0,0,0,0,0,0
2020-10-16,고척,0,18:30,0,0,0,0,0,0,0
2020-10-17,고척,0,17:00,0,0,0,0,0,0,0
2020-10-18,고척,0,14:00,0,0,0,0,0,0,0
2021-04-03,고척,0,18:30,0,0,0,0,0,0,0
2021-04-04,고척,0,18:30,0,0,0,0,0,0,0
2021-04-06,고척,0,18:30,0,0,0,0,0,0,0
2021-04-07,고척,0,18:30,0,0,0,0,0,0,0
2021-04-08,고척,0,18:30,0,0,0,0,0,0,0
2021-04-13,고척,0,18:30,0,0,0,0,0,0,0
2021-04-14,고척,0,18:30,0,0,0,0,0,0,0
2021-04-15,고척,0,18:30,0,0,0,0,0,0,0
2021-04-23,고척,0,18:30,0,0,0,0,0,0,0
2021-04-24,고척,0,14:00,0,0,0,0,0,0,0
2021-04-25,고척,0,14:00,0,0,0,0,0,0,0
2021-04-27,고척,0,18:30,0,0,0,0,0,0,0
2021-04-28,고척,0,18:30,0,0,0,0,0,0,0
2021-04-29,고척,0,18:30,0,0,0,0,0,0,0
2021-05-05,고척,0,14:00,0,0,0,0,0,0,0
2021-05-06,고척,0,18:30,0,0,0,0,0,0,0
2021-05-14,고척,0,18:30,0,0,0,0,0,0,0
2021-05-15,고척,0,14:00,0,0,0,0,0,0,0
2021-05-16,고척,0,14:00,0,0,0,0,0,0,0
2021-05-21,고척,0,18:30,0,0,0,0,0,0,0
2021-05-22,고척,0,17:00,0,0,0,0,0,0,0
2021-05-23,고척,0,14:00,0,0,0,0,0,0,0
2021-06-01,고척,0,18:30,0,0,0,0,0,0,0
2021-06-02,고척,0,18:30,0,0,0,0,0,0,0
2021-06-03,고척,0,18:30,0,0,0,0,0,0,0
2021-06-04,고척,0,18:30,0,0,0,0,0,0,0
2021-06-05,고척,0,17:00,0,0,0,0,0,0,0
2021-06-06,고척,0,17:00,0,0,0,0,0,0,0
2021-06-15,고척,0,18:30,0,0,0,0,0,0,0
2021-06-16,고척,0,18:30,0,0,0,0,0,0,0
2021-06-17,고척,0,18:30,0,0,0,0,0,0,0
2021-06-25,고척,0,18:30,0,0,0,0,0,0,0
2021-06-26,고척,0,17:00,0,0,0,0,0,0,0
2021-06-27,고척,0,17:00,0,0,0,0,0,0,0
2021-06-29,고척,0,18:30,0,0,0,0,0,0,0
2021-06-30,고척,0,18:30,0,0,0,0,0,0,0
2021-07-01,고척,0,18:30,0,0,0,0,0,0,0
2021-07-06,고척,0,18:30,0,0,0,0,0,0,0
2021-07-07,고척,0,18:30,0,0,0,0,0,0,0
2021-07-08,고척,0,18:30,0,0,0,0,0,0,0
2021-08-10,고척,0,18:30,0,0,0,0,0,0,0
2021-08-11,고척,0,18:30,0,0,0,0,0,0,0
2021-08-12,고척,0,18:30,0,0,0,0,0,0,0
2021-08-13,고척,0,18:30,0,0,0,0,0,0,0
2021-08-14,고척,0,18:00,0,0,0,0,0,0,0
2021-08-15,고척,0,17:00,0,0,0,0,0,0,0
2021-08-26,고척,0,18:30,0,0,0,0,0,0,0
2021-08-27,고척,0,18:30,0,0,0,0,0,0,0
2021-09-02,고척,0,18:30,0,0,0,0,0,0,0
2021-09-03,고척,0,18:30,0,0,0,0,0,0,0
2021-09-04,고척,0,17:00,0,0,0,0,0,0,0
2021-09-05,고척,0,14:00,0,0,0,0,0,0,0
2021-09-09,고척,0,18:30,0,0,0,0,0,0,0
2021-09-10,고척,0,18:30,0,0,0,0,0,0,0
2021-09-16,고척,0,18:30,0,0,0,0,0,0,0
2021-09-17,고척,0,18:30,0,0,0,0,0,0,0
2021-09-18,고척,0,17:00,0,0,0,0,0,0,0
2021-09-19,고척,0,14:00,0,0,0,0,0,0,0
2021-09-23,고척,0,18:30,0,0,0,0,0,0,0
2021-09-24,고척,0,18:30,0,0,0,0,0,0,0
2021-09-25,고척,0,17:00,0,0,0,0,0,0,0
2021-09-26,고척,0,14:00,0,0,0,0,0,0,0
2021-10-02,고척,0,17:00,0,0,0,0,0,0,0
2021-10-03,고척,0,14:00,0,0,0,0,0,0,0
2021-10-05,고척,0,18:30,0,0,0,0,0,0,0
2021-10-06,고척,0,18:30,0,0,0,0,0,0,0
2021-10-12,고척,0,18:30,0,0,0,0,0,0,0
2021-10-13,고척,0,18:30,0,0,0,0,0,0,0
2021-10-14,고척,0,18:30,0,0,0,0,0,0,0
2021-10-27,고척,0,18:30,0,0,0,0,0,0,0
2021-10-29,고척,0,18:30,0,0,0,0,0,0,0
2022-04-02,고척,0,14:00,0,0,0,0,0,0,0
2022-04-03,고척,0,14:00,0,0,0,0,0,0,0
2022-04-05,고척,0,18:30,0,0,0,0,0,0,0
2022-04-06,고척,0,18:30,0,0,0,0,0,0,0
2022-04-07,고척,0,18:30,0,0,0,0,0,0,0
2022-04-12,고척,0,18:30,0,0,0,0,0,0,0
2022-04-13,고척,0,18:30,0,0,0,0,0,0,0
2022-04-14,고척,0,18:30,0,0,0,0,0,0,0
2022-04-22,고척,0,18:30,0,0,0,0,0,0,0
2022-04-23,고척,0,14:00,0,0,0,0,0,0,0
2022-04-24,고척,0,14:00,0,0,0,0,0,0,0
2022-04-29,고척,0,18:30,0,0,0,0,0,0,0
2022-04-30,고척,0,17:00,0,0,0,0,0,0,0
2022-05-01,고척,0,14:00,0,0,0,0,0,0,0
2022-05-06,고척,0,18:30,0,0,0,0,0,0,0
2022-05-07,고척,0,17:00,0,0,0,0,0,0,0
2022-05-08,고척,0,14:00,0,0,0,0,0,0,0
2022-05-10,고척,0,18:30,0,0,0,0,0,0,0
2022-05-11,고척,0,18:30,0,0,0,0,0,0,0
2022-05-12,고척,0,18:30,0,0,0,0,0,0,0
2022-05-20,고척,0,18:30,0,0,0,0,0,0,0
2022-05-21,고척,0,17:00,0,0,0,0,0,0,0
2022-05-22,고척,0,14:00,0,0,0,0,0,0,0
2022-05-31,고척,0,18:30,0,0,0,0,0,0,0
2022-06-01,고척,0,17:00,0,0,0,0,0,0,0
2022-06-02,고척,0,18:30,0,0,0,0,0,0,0
2022-06-07,고척,0,18:30,0,0,0,0,0,0,0
2022-06-08,고척,0,18:30,0,0,0,0,0,0,0
2022-06-09,고척,0,18:30,0,0,0,0,0,0,0
2022-06-14,고척,0,18:30,0,0,0,0,0,0,0
2022-06-15,고척,0,18:30,0,0,0,0,0,0,0
2022-06-16,고척,0,18:30,0,0,0,0,0,0,0
2022-06-17,고척,0,18:30,0,0,0,0,0,0,0
2022-06-18,고척,0,14:00,0,0,0,0,0,0,0
2022-06-19,고척,0,14:00,0,0,0,0,0,0,0
2022-06-28,고척,0,18:30,0,0,0,0,0,0,0
2022-06-29,고척,0,18:30,0,0,0,0,0,0,0
2022-06-30,고척,0,18:30,0,0,0,0,0,0,0
2022-07-01,고척,0,18:30,0,0,0,0,0,0,0
2022-07-02,고척,0,14:00,0,0,0,0,0,0,0
2022-07-03,고척,0,14:00,0,0,0,0,0,0,0
2022-07-08,고척,0,18:30,0,0,0,0,0,0,0
2022-07-09,고척,0,14:00,0,0,0,0,0,0,0
2022-07-10,고척,0,14:00,0,0,0,0,0,0,0
2022-07-22,고척,0,18:30,0,0,0,0,0,0,0
2022-07-23,고척,0,14:00,0,0,0,0,0,0,0
2022-07-24,고척,0,14:00,0,0,0,0,0,0,0
2022-08-02,고척,0,18:30,0,0,0,0,0,0,0
2022-08-03,고척,0,18:30,0,0,0,0,0,0,0
2022-08-04,고척,0,18:30,0,0,0,0,0,0,0
2022-08-10,고척,0,18:30,0,0,0,0,0,0,0
2022-08-11,고척,0,18:30,0,0,0,0,0,0,0
2022-08-12,고척,0,18:30,0,0,0,0,0,0,0
2022-08-20,고척,0,14:00,0,0,0,0,0,0,0
2022-08-21,고척,0,14:00,0,0,0,0,0,0,0
2022-08-23,고척,0,18:30,0,0,0,0,0,0,0
2022-08-24,고척,0,18:30,0,0,0,0,0,0,0
2022-08-30,고척,0,18:30,0,0,0,0,0,0,0
2022-08-31,고척,0,18:30,0,0,0,0,0,0,0
2022-09-01,고척,0,18:30,0,0,0,0,0,0,0
2022-09-02,고척,0,18:30,0,0,0,0,0,0,0
2022-09-08,고척,0,18:30,0,0,0,0,0,0,0
2022-09-09,고척,0,14:00,0,0,0,0,0,0,0
2022-09-10,고척,0,17:00,0,0,0,0,0,0,0
2022-09-11,고척,0,14:00,0,0,0,0,0,0,0
2022-09-17,고척,0,17:00,0,0,0,0,0,0,0
2022-09-18,고척,0,14:00,0,0,0,0,0,0,0
2022-09-20,고척,0,18:30,0,0,0,0,0,0,0
2022-09-21,고척,0,18:30,0,0,0,0,0,0,0
2022-09-22,고척,0,18:30,0,0,0,0,0,0,0
2022-09-23,고척,0,18:30,0,0,0,0,0,0,0
2022-09-24,고척,0,17:00,0,0,0,0,0,0,0
2023-04-01,고척,0,14:00,0,0,0,0,0,0,0
2023-04-02,고척,0,14:00,0,0,0,0,0,0,0
2023-04-04,고척,0,18:30,0,0,0,0,0,0,0
2023-04-05,고척,0,18:30,0,0,0,0,0,0,0
2023-04-06,고척,0,18:30,0,0,0,0,0,0,0
2023-04-14,고척,0,18:30,0,0,0,0,0,0,0
2023-04-15,고척,0,17:00,0,0,0,0,0,0,0
2023-04-16,고척,0,14:00,0,0,0,0,0,0,0
2023-04-18,고척,0,18:30,0,0,0,0,0,0,0
2023-04-19,고척,0,18:30,0,0,0,0,0,0,0
2023-04-20,고척,0,18:30,0,0,0,0,0,0,0
2023-04-25,고척,0,18:30,0,0,0,0,0,0,0
2023-04-26,고척,0,18:30,0,0,0,0,0,0,0
2023-04-27,고척,0,18:30,0,0,0,0,0,0,0
2023-05-05,고척,0,14:00,0,0,0,0,0,0,0
2023-05-06,고척,0,17:00,0,0,0,0,0,0,0
2023-05-07,고척,0,14:00,0,0,0,0,0,0,0
2023-05-12,고척,0,18:30,0,0,0,0,0,0,0
2023-05-13,고척,0,17:00,0,0,0,0,0,0,0
2023-05-14,고척,0,14:00,0,0,0,0,0,0,0
2023-05-16,고척,0,18:30,0,0,0,0,0,0,0
2023-05-17,고척,0,18:30,0,0,0,0,0,0,0
2023-05-18,고척,0,18:30,0,0,0,0,0,0,0
2023-05-26,고척,0,18:30,0,0,0,0,0,0,0
2023-05-27,고척,0,14:00,0,0,0,0,0,0,0
2023-05-28,고척,0,14:00,0,0,0,0,0,0,0
2023-06-06,고척,0,14:00,0,0,0,0,0,0,0
2023-06-07,고척,0,18:30,0,0,0,0,0,0,0
2023-06-08,고척,0,18:30,0,0,0,0,0,0,0
2023-06-13,고척,0,18:30,0,0,0,0,0,0,0
2023-06-14,고척,0,18:30,0,0,0,0,0,0,0
2023-06-15,고척,0,18:30,0,0,0,0,0,0,0
2023-06-23,고척,0,18:30,0,0,0,0,0,0,0
2023-06-24,고척,0,17:00,0,0,0,0,0,0,0
2023-06-25,고척,0,14:00,0,0,0,0,0,0,0
2023-06-30,고척,0,18:30,0,0,0,0,0,0,0
2023-07-01,고척,0,18:00,0,0,0,0,0,0,0
2023-07-02,고척,0,14:00,0,0,0,0,0,0,0
2023-07-04,고척,0,18:30,0,0,0,0,0,0,0
2023-07-05,고척,0,18:30,0,0,0,0,0,0,0
2023-07-06,고척,0,18:30,0,0,0,0,0,0,0
2023-07-11,고척,0,18:30,0,0,0,0,0,0,0
2023-07-12,고척,0,18:30,0,0,0,0,0,0,0
2023-07-13,고척,0,18:30,0,0,0,0,0,0,0
2023-07-25,고척,0,18:30,0,0,0,0,0,0,0
2023-07-26,고척,0,18:30,0,0,0,0,0,0,0
2023-07-27,고척,0,18:30,0,0,0,0,0,0,0
2023-07-28,고척,0,18:00,0,0,0,0,0,0,0
2023-07-29,고척,0,18:00,0,0,0,0,0,0,0
2023-07-30,고척,0,14:00,0,0,0,0,0,0,0
2023-08-08,고척,0,18:30,0,0,0,0,0,0,0
2023-08-09,고척,0,18:30,0,0,0,0,0,0,0
2023-08-10,고척,0,18:30,0,0,0,0,0,0,0
2023-08-18,고척,0,18:30,0,0,0,0,0,0,0
2023-08-19,고척,0,14:00,0,0,0,0,0,0,0
2023-08-20,고척,0,14:00,0,0,0,0,0,0,0
2023-08-22,고척,0,18:30,0,0,0,0,0,0,0
2023-08-23,고척,0,18:30,0,0,0,0,0,0,0
2023-08-24,고척,0,18:30,0,0,0,0,0,0,0
2023-09-01,고척,0,18:30,0,0,0,0,0,0,0
2023-09-02,고척,0,17:00,0,0,0,0,0,0,0
2023-09-03,고척,0,17:00,0,0,0,0,0,0,0
2023-09-08,고척,0,18:30,0,0,0,0,0,0,0
2023-09-09,고척,0,14:00,0,0,0,0,0,0,0
2023-09-09,고척,0,17:00,0,0,0,0,0,0,0
2023-09-10,고척,0,14:00,0,0,0,0,0,0,0
2023-09-21,고척,0,18:30,0,0,0,0,0,0,0
2023-09-28,고척,0,17:00,0,0,0,0,0,0,0
2023-09-29,고척,0,14:00,0,0,0,0,0,0,0
2023-10-07,고척,0,17:00,0,0,0,0,0,0,0
2023-10-10,고척,0,18:30,0,0,0,0,0,0,0
2024-03-31,고척,0,14:00,0,0,0,0,0,0,0
2024-04-05,고척,0,18:30,0,0,0,0,0,0,0
2024-04-06,고척,0,17:00,0,0,0,0,0,0,0
2024-04-07,고척,0,14:00,0,0,0,0,0,0,0
2024-04-12,고척,0,18:30,0,0,0,0,0,0,0
2024-04-13,고척,0,17:00,0,0,0,0,0,0,0
2024-04-14,고척,0,14:00,0,0,0,0,0,0,0
2024-04-16,고척,0,18:30,0,0,0,0,0,0,0
2024-04-17,고척,0,18:30,0,0,0,0,0,0,0
2024-04-18,고척,0,18:30,0,0,0,0,0,0,0
2024-04-23,고척,0,18:30,0,0,0,0,0,0,0
2024-04-24,고척,0,18:30,0,0,0,0,0,0,0
2024-04-25,고척,0,18:30,0,0,0,0,0,0,0
2024-04-26,고척,0,18:30,0,0,0,0,0,0,0
2024-04-27,고척,0,17:00,0,0,0,0,0,0,0
2024-04-28,고척,0,14:00,0,0,0,0,0,0,0
2024-05-07,고척,0,18:30,0,0,0,0,0,0,0
2024-03-31,고척,0,14:00,0,0,0,0,0,0,0
2024-04-05,고척,0,18:30,0,0,0,0,0,0,0
2024-04-06,고척,0,17:00,0,0,0,0,0,0,0
2024-04-07,고척,0,14:00,0,0,0,0,0,0,0
2024-04-12,고척,0,18:30,0,0,0,0,0,0,0
2024-04-13,고척,0,17:00,0,0,0,0,0,0,0
2024-04-14,고척,0,14:00,0,0,0,0,0,0,0
2024-04-16,고척,0,18:30,0,0,0,0,0,0,0
2024-04-17,고척,0,18:30,0,0,0,0,0,0,0
2024-04-18,고척,0,18:30,0,0,0,0,0,0,0
2024-04-23,고척,0,18:30,0,0,0,0,0,0,0
2024-04-24,고척,0,18:30,0,0,0,0,0,0,0
2024-04-25,고척,0,18:30,0,0,0,0,0,0,0
2024-04-26,고척,0,18:30,0,0,0,0,0,0,0
2024-04-27,고척,0,17:00,0,0,0,0,0,0,0
2024-04-28,고척,0,14:00,0,0,0,0,0,0,0
2024-05-07,고척,0,18:30,0,0,0,0,0,0,0
2024-05-08,고척,0,18:30,0,0,0,0,0,0,0
2024-05-09,고척,0,18:30,0,0,0,0,0,0,0
2024-05-17,고척,0,18:30,0,0,0,0,0,0,0
2024-05-18,고척,0,17:00,0,0,0,0,0,0,0
2024-05-19,고척,0,14:00,0,0,0,0,0,0,0
2024-05-21,고척,0,18:30,0,0,0,0,0,0,0
2024-05-22,고척,0,18:30,0,0,0,0,0,0,0
2024-05-23,고척,0,18:30,0,0,0,0,0,0,0
2024-05-31,고척,0,18:30,0,0,0,0,0,0,0
2024-06-01,고척,0,17:00,0,0,0,0,0,0,0
2024-06-02,고척,0,14:00,0,0,0,0,0,0,0
2024-06-07,고척,0,18:30,0,0,0,0,0,0,0
2024-06-08,고척,0,17:00,0,0,0,0,0,0,0
2024-06-09,고척,0,14:00,0,0,0,0,0,0,0
2024-06-14,고척,0,18:30,0,0,0,0,0,0,0
2024-06-15,고척,0,17:00,0,0,0,0,0,0,0
2024-06-16,고척,0,14:00,0,0,0,0,0,0,0
2024-06-21,고척,0,18:30,0,0,0,0,0,0,0
2024-06-22,고척,0,17:00,0,0,0,0,0,0,0
2024-06-23,고척,0,14:00,0,0,0,0,0,0,0
2024-06-25,고척,0,18:30,0,0,0,0,0,0,0
2024-06-26,고척,0,18:30,0,0,0,0,0,0,0
2024-06-27,고척,0,18:30,0,0,0,0,0,0,0
2024-07-02,고척,0,18:30,0,0,0,0,0,0,0
2024-07-03,고척,0,18:30,0,0,0,0,0,0,0
2024-07-04,고척,0,18:30,0,0,0,0,0,0,0
2024-07-09,고척,0,18:30,0,0,0,0,0,0,0
2024-07-10,고척,0,18:30,0,0,0,0,0,0,0
2024-07-11,고척,0,18:30,0,0,0,0,0,0,0
2024-07-16,고척,0,18:30,0,0,0,0,0,0,0
2024-07-17,고척,0,18:30,0,0,0,0,0,0,0
2024-07-18,고척,0,18:30,0,0,0,0,0,0,0
2024-07-26,고척,0,18:30,0,0,0,0,0,0,0
2024-07-27,고척,0,18:00,0,0,0,0,0,0,0
2024-07-28,고척,0,14:00,0,0,0,0,0,0,0
2024-07-30,고척,0,18:30,0,0,0,0,0,0,0
2024-07-31,고척,0,18:30,0,0,0,0,0,0,0
2024-08-01,고척,0,18:30,0,0,0,0,0,0,0
2024-08-06,고척,0,18:30,0,0,0,0,0,0,0
2024-08-07,고척,0,18:30,0,0,0,0,0,0,0
2024-08-08,고척,0,18:30,0,0,0,0,0,0,0
2024-08-13,고척,0,18:30,0,0,0,0,0,0,0
2024-08-14,고척,0,18:30,0,0,0,0,0,0,0
2024-08-15,고척,0,17:00,0,0,0,0,0,0,0
2024-08-23,고척,0,18:30,0,0,0,0,0,0,0
2024-08-24,고척,0,18:00,0,0,0,0,0,0,0
2024-08-25,고척,0,18:00,0,0,0,0,0,0,0
2024-08-27,고척,0,18:30,0,0,0,0,0,0,0
2024-08-28,고척,0,18:30,0,0,0,0,0,0,0
2024-08-29,고척,0,18:30,0,0,0,0,0,0,0
2024-08-30,고척,0,18:30,0,0,0,0,0,0,0
2024-09-10,고척,0,18:30,0,0,0,0,0,0,0
2024-09-17,고척,0,14:00,0,0,0,0,0,0,0
2024-09-24,고척,0,18:30,0,0,0,0,0,0,0
2020-05-05,광주,0,14:00,0,0,0,0,0,0,0
2020-05-06,광주,0,18:30,0,0,0,0,0,0,0
2020-05-07,광주,0,18:30,0,0,0,0,0,0,0
2020-05-15,광주,0,18:30,0.3,0.1,0.1,0.1,0,0,0.6
2020-05-16,광주,0,17:00,0,0,0,0,0,0,0
2020-05-17,광주,0,14:00,0,0,0,0,0,0,0
2020-05-19,광주,0,18:30,0,0,0,0,0,0,0
2020-05-20,광주,0,18:30,0,0,0,0,0,0,0
2020-05-21,광주,0,18:30,0,0,0,0,0,0,0
2020-05-22,광주,0,18:30,0,0,0,0,0,0,0
2020-05-23,광주,0,17:00,0,0,0,0,0,0,0
2020-05-24,광주,0,14:00,0,0,0,0.1,0,0,0.1
2020-05-29,광주,0,18:30,0,0,0,0,0,0,0
2020-05-30,광주,0,14:00,0,0,0,0,0,0,0
2020-05-31,광주,0,14:00,0,0,0,0,0,0,0
2020-06-02,광주,0,18:30,0,0,0,0,0,0,0
2020-06-03,광주,0,18:30,0,0,0,0,0,0,0
2020-06-04,광주,0,18:30,0,0,0,0,0,0,0
2020-06-16,광주,0,18:30,0,0,0,0,0,0,0
2020-06-17,광주,0,18:30,0,0,0,0,0,0,0
2020-06-18,광주,1,18:30,0.8,1,1.1,1.7,1.7,0.6,4.6
2020-06-19,광주,0,18:30,0,0,0,0,0,0,0
2020-06-20,광주,0,17:00,0,0,0,0,0,0,0
2020-06-21,광주,0,17:00,0,0,0,0,0,0,0
2020-06-30,광주,1,18:30,0,0,0,0.4,0.4,0.1,0.9
2020-07-01,광주,0,18:30,0,0,0,0,0,0,0
2020-07-02,광주,0,18:30,0,0,0,0,0,0,0
2020-07-07,광주,0,18:30,0,0,0,0,0,0,0
2020-07-08,광주,0,18:30,0,0,0,0,0,0,0
2020-07-09,광주,0,18:30,0,0,0,0,0,0,0
2020-07-10,광주,0,18:30,0,0,0,0,0,0,0
2020-07-11,광주,0,18:00,0,0,0,0,0,0,0
2020-07-12,광주,1,17:00,2.7,2.8,8,6.5,1.8,5.7,20
2020-07-13,광주,0,18:30,0,0,0,0,0,0,0
2020-07-17,광주,0,18:30,0,0,0,0,0,0,0
2020-07-18,광주,0,18:00,0,0,0,0,0,0,0
2020-07-19,광주,0,17:00,0,0,0,0,0,0,0
2020-07-24,광주,1,18:30,0,0,0,0,0,0,0
2020-07-25,광주,0,18:00,0,0,0,0,0,0,0
2020-07-26,광주,0,17:00,0,0,0,0,0,0,0
2020-07-28,광주,1,18:30,21.1,0,0,0,0,14.5,21.1
2020-07-29,광주,1,18:30,6,3.1,1.2,0.1,0,0,10.4
2020-07-30,광주,0,18:30,0,0,0,0,0,0,0
2020-08-04,광주,0,18:30,0,0,0,0,0,0,0
2020-08-05,광주,0,18:30,0,0,0,0,0,0,0
2020-08-06,광주,0,18:30,0,0,0,0,0,0,0
2020-08-07,광주,1,18:30,26.2,48.4,27.8,11,6.7,0.4,113.4
2020-08-08,광주,0,18:00,0,0.1,0,0.1,,0,0.2
2020-08-09,광주,0,17:00,0,0,0,0,0,0,0
2020-08-14,광주,0,18:30,0,0,0,0,0,0,0
2020-08-15,광주,0,17:00,0,0,0,0,0,0,0
2020-08-16,광주,0,17:00,0,0,0,0,0,0,0
2020-08-21,광주,0,18:30,0,0,0,0,0,0,0
2020-08-29,광주,1,18:00,0,15.1,10.7,0.6,0,0,26.4
2020-08-30,광주,0,14:00,0,0,0,0,0,0,0
2020-08-30,광주,0,17:00,0,0,0,0,0,0,0
2020-09-01,광주,0,18:30,0,0,0,0,0,0,0
2020-09-02,광주,1,18:30,0,0,0.9,3.2,1.4,3.8,9.3
2020-09-08,광주,0,18:30,0,0,0,0,0,0,0
2020-09-09,광주,1,18:30,0,0,0,0,0.3,3,0
2020-09-10,광주,0,18:30,0,0,0,0,0,0,0
2020-09-11,광주,1,18:30,4.8,3.6,2.4,0.2,0.5,4.5,11
2020-09-15,광주,0,18:30,0,0,0,0,0,0,0
2020-09-16,광주,0,18:30,0,0,0,0,0,0.4,0
2020-09-19,광주,0,17:00,0,0,0,0,0,0,0
2020-09-20,광주,0,14:00,0,0,0,0,0,0,0
2020-09-22,광주,0,18:30,0,0,0,0,0,0,0
2020-09-23,광주,0,18:30,0,0,0,0,0,0,0
2020-09-26,광주,0,17:00,0,0,0,0,0,0,0
2020-09-27,광주,0,14:00,0,0,0,0,0,0,0
2020-10-06,광주,0,18:30,0,0,0,0,0,0,0
2020-10-07,광주,0,15:00,0,0,0,0,0,0,0
2020-10-07,광주,0,18:30,0,0,0,0,0,0,0
2020-10-08,광주,0,18:30,0,0,0,0,0,0,0
2020-10-09,광주,0,17:00,0,0,0,0,0,0,0
2020-10-10,광주,0,17:00,0,0,0,0,0,0,0
2020-10-11,광주,0,14:00,0,0,0,0,0,0,0
2020-10-20,광주,0,18:30,0,0,0,0,0,0,0
2020-10-21,광주,1,18:30,0.2,0.6,3.2,2.4,2,1,6.4
2020-10-23,광주,0,18:30,0,0,0,0,0,0,0
2020-10-24,광주,0,17:00,0,0,0,0,0,0,0
2020-10-25,광주,0,14:00,0,0,0,0,0,0,0
2020-10-27,광주,0,18:30,0,0,0,0,0,0,0
2020-10-28,광주,0,18:30,0,0,0,0,0,0,0
2020-10-29,광주,0,18:30,0,0,0,0,0,0,0
2020-10-31,광주,0,17:00,0,0,0,0,0,0,0
2021-04-09,광주,0,18:30,0,0,0,0,0,0,0
2021-04-10,광주,0,17:00,0,0,0,0,0,0,0
2021-04-11,광주,0,14:00,0,0,0,0,0,0,0
2021-04-13,광주,0,18:30,0,0,0,0,0,0,0
2021-04-14,광주,0,18:30,0,0,0,0,0,0,0
2021-04-15,광주,0,18:30,0,0,0,0,0,0,0
2021-04-23,광주,0,18:30,0,0,0,0,0,0,0
2021-04-24,광주,0,17:00,0,0,0,0,0,0,0
2021-04-25,광주,0,14:00,0,0,0,0,0,0,0
2021-04-27,광주,0,18:30,0,0,0,0,0,0,0
2021-04-28,광주,0,18:30,0,0,0,0,0,0,0
2021-04-29,광주,0,18:30,0,0,0,0,0,0,0
2021-05-08,광주,0,17:00,0,0,0,0,0,0,0
2021-05-09,광주,0,14:00,0,0,0,0,0,0,0
2021-05-09,광주,0,17:00,0,0,0,0,0,0,0
2021-05-11,광주,0,18:30,0,0,0,0,0,0,0
2021-05-12,광주,0,18:30,0,0,0,0,0,0,0
2021-05-13,광주,0,18:30,0,0,0,0,0,0,0
2021-05-18,광주,0,18:30,0,0,0,0,0,0,0
2021-05-19,광주,0,14:00,0,0,0,0,0,0,0
2021-05-20,광주,1,18:30,0,0.1,0.9,1.4,0.7,0.3,2.4
2021-05-26,광주,0,18:30,0,0,0,0,0,0,0
2021-05-27,광주,0,18:30,0,0,0,0,0,0,0
2021-05-28,광주,0,18:30,0,0,0,0,0,0,0
2021-05-29,광주,0,17:00,0,0,0,0,0,0,0
2021-05-30,광주,0,14:00,0,0,0,0,0,0,0
2021-06-04,광주,0,18:30,0,0,0,0,0,0,0
2021-06-05,광주,0,17:00,0,0,0,0,0,0,0
2021-06-06,광주,0,17:00,0,0,0,0,0,0,0
2021-06-15,광주,1,18:30,5.1,4.8,6.6,0.4,0,0.1,16.9
2021-06-16,광주,0,15:00,0,0,0,0,0,0,0
2021-06-16,광주,0,18:30,0,0,0,0,0,0,0
2021-06-17,광주,0,18:30,0,0,0,0,0,0,0
2021-06-29,광주,0,18:30,0,0,1.1,0,0,0,1.1
2021-06-30,광주,0,18:30,0,0,0,0,0,0,0
2021-07-01,광주,0,18:30,0,0,0,0,0,0,0
2021-07-02,광주,0,18:30,0,0,0,0,0,0,0
2021-07-03,광주,1,18:00,1.1,0.2,0,0.2,0,0,1.5
2021-07-04,광주,0,17:00,0,0,0,0,0,0,0
2021-07-05,광주,1,18:30,3.3,0.2,0.4,1.2,4.2,4.6,5.1
2021-07-09,광주,0,18:30,0,0,0,0,0,0,0
2021-07-11,광주,0,17:00,0,0,0,0,0,0,0
2021-08-10,광주,0,18:30,0,0,0,0,0,0,0
2021-08-11,광주,0,18:30,0,0,0,0,0,0,0
2021-08-12,광주,0,18:30,0,0,0,0,0.6,0,0
2021-08-20,광주,0,18:30,0,0,0,0,0,0,0
2021-08-21,광주,1,18:00,0,0,0,2.8,0,0,2.8
2021-08-22,광주,0,17:00,0,0,0,0,0,0,0
2021-08-23,광주,1,18:30,0.9,0,0.3,0.2,0.6,6.7,1.5
2021-08-24,광주,0,18:30,0,0,0,0.2,0,0,0.2
2021-08-25,광주,0,18:30,0,0,0,0,0,2.4,0
2021-08-26,광주,0,18:30,0,0,0,0,0,0,0
2021-08-27,광주,1,18:30,0.3,1.3,0,0.5,0.3,1.8,2.1
2021-09-02,광주,0,18:30,0.1,0.4,0,0,0.1,0,0.6
2021-09-03,광주,0,18:30,0,0,0,0,0,0,0
2021-09-11,광주,0,17:00,0,0,0,0,0,0,0
2021-09-12,광주,0,14:00,0,0,0,0,0,0,0
2021-09-12,광주,0,17:00,0,0,0,0,0,0,0
2021-09-14,광주,0,18:30,0,0,0,0,0,0,0
2021-09-15,광주,0,15:00,0,0,0,0,0,0,0
2021-09-15,광주,0,18:30,0,0,0,0,0,0,0
2021-09-21,광주,0,14:00,0,0,0,0,0,0,0
2021-09-22,광주,0,14:00,1.5,0,0,0,0,0,1.5
2021-09-23,광주,0,18:30,0,0,0,0,0,0,0
2021-09-24,광주,0,18:30,0,0,0,0,0,0,0
2021-09-25,광주,0,17:00,0,0,0,0,0,0,0
2021-09-26,광주,0,14:00,0,0,0,0,0,0,0
2021-09-30,광주,0,18:30,0,0,0,0,0,0,0
2021-10-01,광주,0,18:30,0,0,0,0,0,0,0
2021-10-02,광주,0,17:00,0,0,0,0,0,0,0
2021-10-03,광주,0,14:00,0,0,0,0,0,0,0
2021-10-07,광주,0,18:30,0,0,0,0,0,0,0
2021-10-08,광주,0,18:30,0,0,0,0,0,0,0
2021-10-12,광주,0,18:30,0,0,0,0,0,0,0
2021-10-13,광주,0,18:30,0,0,0,0,0,0,0
2021-10-14,광주,0,18:30,0,0,0,0,0,0,0
2021-10-19,광주,0,18:30,0,0,0,0,0,0,0
2021-10-20,광주,0,18:30,0,0,0,0,0,0,0
2021-10-21,광주,0,18:30,0,0,0,0,0,0,0
2021-10-29,광주,0,18:30,0,0,0,0,0,0,0
2021-10-30,광주,0,17:00,0,0,0,0,0,0,0
2022-04-02,광주,0,14:00,0,0,0,0,0,0,0
2022-04-03,광주,0,14:00,0,0,0,0,0,0,0
2022-04-05,광주,0,18:30,0,0,0,0,0,0,0
2022-04-06,광주,0,18:30,0,0,0,0,0,0,0
2022-04-07,광주,0,18:30,0,0,0,0,0,0,0
2022-04-12,광주,0,18:30,0,0,0,0,0,0,0
2022-04-13,광주,1,18:30,0,0,0,0,0.2,1.1,0
2022-04-14,광주,0,18:30,0,0,0,0,0,0,0
2022-04-19,광주,0,18:30,0,0,0,0,0,0,0
2022-04-20,광주,0,18:30,0,0,0,0,0,0,0
2022-04-21,광주,0,18:30,0,0,0,0,0,0,0
2022-04-29,광주,0,18:30,0,0,0,0,0,0,0
2022-04-30,광주,0,14:00,0,0,0,0,0,0,0
2022-05-01,광주,0,14:00,0,0,0,0,0,0,0
2022-05-03,광주,0,18:30,0,0,0,0,0,0,0
2022-05-04,광주,0,18:30,0,0,0,0,0,0,0
2022-05-05,광주,0,14:00,0,0,0,0,0,0,0
2022-05-10,광주,0,18:30,0,0,0,0,0,0,0
2022-05-11,광주,0,18:30,0,0,0,0,0,0,0
2022-05-12,광주,0,18:30,0,0,0,0,0,0,0
2022-05-20,광주,0,18:30,0,0,0,0,0,0,0
2022-05-21,광주,0,17:00,0,0,0,0,0,0,0
2022-05-22,광주,0,14:00,0,0,0,0,0,0,0
2022-05-27,광주,0,18:30,0,0,0,0,0,0,0
2022-05-28,광주,0,14:00,0,0,0,0,0,0,0
2022-05-29,광주,0,14:00,0,0,0,0,0,0,0
2022-06-07,광주,1,18:30,0,0,0,0.4,1.6,3.3,0.4
2022-06-08,광주,0,18:30,0,0,0,0,0,0,0
2022-06-09,광주,0,18:30,0,0,0,0,0,0,0
2022-06-10,광주,0,18:30,0,0,0,0,0,0,0
2022-06-11,광주,0,17:00,0,0,0,0,0,0,0
2022-06-12,광주,0,17:00,0,0.1,0,0,0,0,0.1
2022-06-17,광주,0,18:30,0,0,0,0,0,0,0
2022-06-18,광주,0,17:00,0,0,0,0,0,0,0
2022-06-19,광주,0,17:00,0,0,0,0,0,0,0
2022-06-21,광주,0,18:30,0,0,0,0,0,0,0
2022-06-22,광주,0,18:30,0,0,0,0,0,0,0
2022-06-23,광주,0,18:30,0,0.2,0,0,0,0.1,0.2
2022-07-05,광주,1,18:30,0,0,0,7,0.3,0,7
2022-07-06,광주,0,18:30,0,0,0,0,0,0,0
2022-07-07,광주,0,18:30,0,0,0,0,0,0,0
2022-07-08,광주,0,18:30,0,0,0,0,0,0,0
2022-07-09,광주,0,18:00,0,0,0,0,0,0,0
2022-07-10,광주,0,17:00,0,0,0,0,0,0,0
2022-07-26,광주,0,18:30,0,0,0,0,0,0,0
2022-07-27,광주,0,18:30,0,0,0,0,0,0,0
2022-07-28,광주,0,18:30,0,0,0,0,0,0,0
2022-07-29,광주,0,18:30,0,0,0,0,0,0,0
2022-07-30,광주,0,18:00,0,0,0,0,0,0,0
2022-07-31,광주,0,17:00,1,0.1,0,,0.6,0,1.1
2022-08-05,광주,0,18:30,0,0,0,0,0,0,0
2022-08-06,광주,0,18:00,0,0,0,0,0,0,0
2022-08-07,광주,0,17:00,0,0,0,0,0,0,0
2022-08-13,광주,0,18:00,0,0,0,0,0,0,0
2022-08-14,광주,0,17:00,0,0,0,0,0,0,0
2022-08-16,광주,1,18:30,0.1,0,0.1,0.1,1.4,0.5,1.7
2022-08-17,광주,0,18:30,0,0,0,0,0,0,0
2022-08-18,광주,0,18:30,0,0,0,0,0,0,0
2022-08-19,광주,0,18:30,0,0,0,0,0,0,0
2022-08-27,광주,0,18:00,0,0,0,0,0,0,0
2022-08-28,광주,0,17:00,0,0,0,0,0,0,0
2022-09-01,광주,0,18:30,0,0,0,0,0,0,0
2022-09-02,광주,0,18:30,0,0,0,0,0,0,0
2022-09-03,광주,0,17:00,0,0,0,0,0,0,0
2022-09-04,광주,0,14:00,0,0,0,0,0,0,0
2022-09-13,광주,0,18:30,0,0,0,0,0.2,0,0.2
2022-09-14,광주,0,18:30,0,0,0,0,0,0,0
2022-09-15,광주,0,18:30,0,0,0,0,0,0,0
2022-09-16,광주,0,18:30,0,0,0,0,0,0,0
2022-09-20,광주,0,18:30,0,0,0,0,0,0,0
2022-09-21,광주,0,18:30,0,0,0,0,0,0,0
2022-09-29,광주,0,18:30,0,0,0,0,0,0,0
2022-10-01,광주,0,17:00,0,0,0,0,0,0,0
2022-10-05,광주,0,18:30,0,0,0,0,0,0,0
2022-10-06,광주,0,18:30,0,0,0,0,0,0,0
2022-10-07,광주,0,18:30,0,0,0,0,0,0,0
2022-10-08,광주,0,17:00,0,0,0,0,0,0,0
2023-04-07,광주,0,18:30,0,0,0,0,0,0,0
2023-04-08,광주,0,17:00,0,0,0,0,0,0,0
2023-04-09,광주,0,14:00,0,0,0,0,0,0,0
2023-04-11,광주,0,18:30,0,0,0,0,0,0,0
2023-04-12,광주,0,18:30,0,0,0,0,0,0,0
2023-04-13,광주,0,18:30,0,0,0,0,0,0,0
2023-04-21,광주,0,18:30,0,0,0,0,0,0,0
2023-04-22,광주,0,17:00,0,0,0,0,0,0,0
2023-04-23,광주,0,14:00,0,0,0,0,0,0,0
2023-04-25,광주,0,18:30,0,0,0,0,0,0,0
2023-04-26,광주,0,18:30,0,0,0,0,0,0,0
2023-04-27,광주,0,18:30,0,0,0,0,0,0,0
2023-05-02,광주,0,18:30,0,0,0,0,0,0,0
2023-05-03,광주,0,18:30,0,0,0,0,0,0,0
2023-05-04,광주,1,18:30,0.3,0.2,0,0.2,1.7,3.3,0.7
2023-05-09,광주,0,18:30,0,0,0,0,0,0,0
2023-05-10,광주,0,18:30,0,0,0,0,0,0,0
2023-05-11,광주,0,18:30,0,0,0,0,0,0,0
2023-05-19,광주,0,18:30,0,0,0,0,0,0,0
2023-05-20,광주,0,17:00,0,0,0,0,0,0,0
2023-05-21,광주,0,14:00,0,0,0,0,0,0,0
2023-05-26,광주,0,18:30,0,0,0,0,0,0,0
2023-05-27,광주,0,14:00,0,0,0,0,0,0,0
2023-05-28,광주,0,14:00,0.1,0,0,0,0,0,0.1
2023-05-30,광주,0,18:30,0,0,0,0,0,0,0
2023-05-31,광주,0,18:30,0,0,0,0,0,0,0
2023-06-01,광주,1,18:30,0,3.8,2.8,0,0,0,6
2023-06-06,광주,0,14:00,0,0,0,0,0,0,0
2023-06-07,광주,0,18:30,0,0,0,0,0,0,0
2023-06-08,광주,0,18:30,0,0,0,0,0,0,0
2023-06-16,광주,0,18:30,0,0,0,0,0,0,0
2023-06-17,광주,0,17:00,0,0,0,0,0,0,0
2023-06-18,광주,0,17:00,0,0,0,0,0,0,0
2023-06-23,광주,0,18:30,0,0,0,0,0,0,0
2023-06-24,광주,0,17:00,0,0,0,0,0,0,0
2023-06-25,광주,1,17:00,0.4,1.7,0.2,1.3,1.9,0.7,3.6
2023-06-27,광주,0,18:30,0,0,0,0,0,0,0
2023-06-28,광주,0,18:30,0,0,0,0,0,0,0
2023-06-29,광주,1,18:30,0,0,0.1,0,0.7,3.2,0.1
2023-07-11,광주,1,18:30,1.2,0.6,19.9,0.1,0,0,21.8
2023-07-12,광주,0,18:30,0,0,0,0,0,0,0
2023-07-13,광주,0,18:30,0,0,0,0,0,0,0
2023-07-21,광주,0,18:30,0,0,0,0,0,0,0
2023-07-22,광주,1,18:00,0.5,0.2,0.4,0.7,0.2,0,11.8
2023-07-23,광주,1,17:00,2.7,4.7,0.7,3.9,0.1,0,12
2023-07-28,광주,0,18:30,0,0,0,0,0,0,0
2023-07-29,광주,0,18:00,0,0,0,0,0,0,0
2023-07-30,광주,0,17:00,0,0,0,0,0,0,0
2023-08-04,광주,0,18:30,0,0,0,0,0,0,0
2023-08-05,광주,0,18:00,0,0,0,0,0,0,0
2023-08-06,광주,0,17:00,0,0,0,0,0,0,0
2023-08-08,광주,1,18:30,0,0,0,0,0,5.1,0
2023-08-09,광주,0,18:30,0,0.3,0,0,0,0,0.3
2023-08-10,광주,1,18:30,0,1,0.6,1,0,0,2.6
2023-08-15,광주,0,17:00,0,0,0,0,0,0,0
2023-08-16,광주,0,18:30,0,0,0,0,0,0,0
2023-08-17,광주,0,18:30,0,0,0,0,0,0,0
2023-08-25,광주,0,18:30,0,0,0,0,0,0,0
2023-08-26,광주,0,18:00,0,0,0,0,0,0,0
2023-08-27,광주,0,14:00,0,0,0,0,0,0,0
2023-08-29,광주,1,18:30,0.3,0,20.5,2.8,0.3,0,23.9
2023-08-30,광주,1,18:30,0.3,1,7.4,2.9,0.8,0,11.3
2023-08-31,광주,0,18:30,0,0,0,0,0,0,0
2023-09-08,광주,0,18:30,0,0,0,0,0,0,0
2023-09-09,광주,0,14:00,0,0,0,0,0,0,0
2023-09-09,광주,0,17:00,0,0,0,0,0,0,0
2023-09-10,광주,0,14:00,0,0,0,0,0,0,0
2023-09-13,광주,0,18:30,0,0,0,0,0,0,0
2023-09-14,광주,1,18:30,0.2,1.7,0.5,0.7,1.4,0.5,3.1
2023-09-15,광주,0,18:30,0,0,0,0,0,0,0
2023-09-16,광주,1,17:00,1.7,22.5,4.4,0.1,0,0,28.7
2023-09-17,광주,0,14:00,0,0,0,0,0,0,0
2023-09-18,광주,0,18:30,0,0,0,0,0,0,0
2023-09-19,광주,0,18:30,0,0,0,0,0,0,0
2023-09-20,광주,1,18:30,1.4,2.1,1.1,0.4,0.1,2,5
2023-09-22,광주,0,18:30,0,0,0,0,0,0,0
2023-09-23,광주,0,17:00,0,0,0,0,0,0,0
2023-09-24,광주,0,14:00,0,0,0,0,0,0,0
2023-10-08,광주,0,14:00,0,0,0,0,0,0,0
2023-10-09,광주,0,14:00,0,0,0,0,0,0,0
2023-10-10,광주,0,18:30,0,0,0,0,0,0,0
2023-10-11,광주,0,18:30,0,0,0,0,0,0,0
2023-10-12,광주,0,18:30,0,0,0,0,0,0,0
2023-10-16,광주,0,18:30,0,0,0,0,0,0,0
2023-10-17,광주,0,18:30,0,0,0,0,0,0,0
2024-03-23,광주,0,14:00,0,0,0,0,0,0,0
2024-03-24,광주,1,14:00,0,0.5,1,0.8,1,1,2.3
2024-03-26,광주,0,18:30,0.2,0,0,0,0,0,0.2
2024-03-27,광주,0,18:30,0,0,0,0,0,0,0
2024-03-28,광주,1,18:30,14.3,10,8,4.6,0,0,36.9
2024-04-05,광주,0,18:30,0,0,0,0,0,0,0
2024-04-06,광주,0,17:00,0,0,0,0,0,0,0
2024-04-07,광주,0,14:00,0,0,0,0,0,0,0
2024-04-09,광주,0,18:30,0,0,0,0,0,0,0
2024-04-10,광주,0,14:00,0,0,0,0,0,0,0
2024-04-11,광주,0,18:30,0,0,0,0,0,0,0
2024-04-19,광주,0,18:30,0,0,0,0,0,0,0
2024-04-20,광주,0,17:00,0.1,0,0,0,0,0,0.1
2024-04-21,광주,0,14:00,0,0,0,0,0,0,0
2024-04-30,광주,0,18:30,0,0,0,0,1,0,1
2024-05-01,광주,0,18:30,0,0,0,0,0,0,0
2024-05-02,광주,0,18:30,0,0,0,0,0,0,0
2024-05-03,광주,0,18:30,0,0,0,0,0,0,0
2024-05-04,광주,0,17:00,0,0,0,0,0,0,0
2024-05-05,광주,1,14:00,1.1,3.3,2.3,4.6,3,1.4,11.3
2024-05-10,광주,0,18:30,0,0,0,0,0,0,0
2024-05-11,광주,0,17:00,0,0,0,0,0,0,0
2024-05-12,광주,0,17:00,0,0,0,0,0,0,0
2024-05-14,광주,0,18:30,0,0,0,0,0,0,0
2024-05-15,광주,0,14:00,0,0,0,0,0,0,0
2024-05-16,광주,0,18:30,0,0,0,0,0,0,0
2024-05-24,광주,0,18:30,0,0,0,0,0,0,0
2024-05-25,광주,0,14:00,0,0,0,0,0,0,0
2024-05-26,광주,0,14:00,0,0,0,0,0,0,0
2024-05-31,광주,0,18:30,0,0,0,0,0,0,0
2024-06-01,광주,0,17:00,0,0,0,0,0,0,0
2024-06-02,광주,0,17:00,0,0,0,0,0,0,0
2024-06-04,광주,0,18:30,0,0,0,0,0,0,0
2024-06-05,광주,0,18:30,0,0,0,0,0,0,0
2024-06-06,광주,0,14:00,0,0,0,0,0,0,0
2024-06-18,광주,0,18:30,0,0,0,0,0,0,0
2024-06-19,광주,0,18:30,0,0,0,0,0,0,0
2024-06-20,광주,0,18:30,0,0,0,0,0,0,0
2024-06-21,광주,0,18:30,0,0,0,0,0,0,0
2024-06-22,광주,1,17:00,6.3,3.6,4.2,1.7,1,0.1,15.8
2024-06-23,광주,0,14:00,0,0,0,0,0,0,0
2024-06-23,광주,0,17:00,0,0,0,0,0,0,0
2024-06-28,광주,0,18:30,0,0,0,0,0,0,0
2024-06-29,광주,1,17:00,5.3,6.8,5.5,2.8,6,0.6,20.4
2024-06-30,광주,1,14:00,1.2,0,0.4,0.3,0.5,0,1.9
2024-06-30,광주,1,17:00,0.3,0.5,0,0,0.1,1.3,0.8
2024-07-12,광주,0,18:30,0,0,0,0,0,0,0
2024-07-13,광주,0,18:00,0,0,0,0,0.8,0,0
2024-07-14,광주,0,17:00,0,0.8,0,0,0,0,0.8
2024-07-16,광주,1,18:30,0,0,3.8,4.5,0.9,0,8.3
2024-07-17,광주,0,18:30,0,3.9,0,0,0,0,3.9
2024-07-18,광주,0,18:30,0,0,0,0,0,1.8,0
2024-07-23,광주,0,18:30,0,0,0,0,0,0,0
2024-07-24,광주,0,18:30,0,0,0,0,0,0,0
2024-07-25,광주,0,18:30,0,0,0,0,0,0,0
2024-07-30,광주,0,18:30,0,0,0,0,0,0,0
2024-07-31,광주,0,18:30,0,0,0,0,0,0,0
2024-08-01,광주,0,18:30,0,0,0,0,0,0,0
2024-08-06,광주,0,18:30,0,0,0,0,0,0,0
2024-08-07,광주,0,18:30,0,0,0,0,0,0,0
2024-08-08,광주,0,18:30,0,0,0,0,0,0,0
2024-08-09,광주,0,18:30,0,0,0,0,0,0,0
2024-08-10,광주,1,18:00,0,0,0,4,12.3,0,4
2024-08-11,광주,0,18:00,0,0,0,0,0,0,0
2024-08-20,광주,1,18:30,0,1.9,0,0,0,4.6,1.9
2024-08-21,광주,0,18:30,0,0.3,0.1,0,0,0,0.4
2024-08-22,광주,0,18:30,0,0,0,0,0.6,0,0
2024-08-27,광주,0,18:30,0,0,0,0,0,1.6,0
2024-08-28,광주,0,18:30,0,0,0,0,0,0,0
2024-08-29,광주,0,18:30,0,0,0,0,0,0,0
2024-09-03,광주,0,18:30,0,0,0,0,0,0,0
2024-09-04,광주,0,18:30,0,0,0,0,0,0,0
2024-09-05,광주,0,18:30,0,0,0,0,0,0,0
2024-09-06,광주,0,18:30,0,0,0,0,4.4,1.1,0
2024-09-07,광주,0,17:00,1.8,1.2,1.3,0,0,0,4.3
2024-09-08,광주,0,14:00,0,0,0,0,0,0,0
2024-09-12,광주,0,18:30,0,0,0,0,0,0,0
2024-09-14,광주,0,17:00,0,0,0,0,0,0,0
2024-09-15,광주,0,14:00,0,0,0,0,0,0,0
2024-09-21,광주,1,17:00,1.2,0.5,3.5,4.2,3.3,3.2,9.4
2024-09-22,광주,1,14:00,0,0,0.4,0.7,0.6,0.8,1.1
2024-09-23,광주,0,18:30,0,0,0,0,0,0,0
2024-09-24,광주,0,18:30,0,0,0,0,0,0,0
2024-09-25,광주,0,18:30,0,0,0,0,0,0,0
2024-09-30,광주,0,18:30,0,0,0,0,0,0,0
2020-05-05,대구,0,14:00,0,0,0,2.5,0,0,2.5
2020-05-06,대구,0,18:30,0,0,0,0,0,0,0
2020-05-07,대구,0,18:30,0,0,0,0,0,0,0
2020-05-08,대구,0,18:30,0,0,0,0,0,0,0
2020-05-09,대구,0,17:00,0,0,0,0,0,0,0
2020-05-10,대구,0,14:00,0,0,0,0,0,0,0
2020-05-19,대구,0,18:30,0,0,0,0,0,0,0
2020-05-20,대구,0,18:30,0,0,0,0,0,0,0
2020-05-21,대구,0,18:30,0,0,0,0,0,0,0
2020-05-22,대구,0,18:30,0,0,0,0,0,0,0
2020-05-23,대구,0,17:00,0,0,0,0,0,0,0
2020-05-24,대구,0,14:00,0,0,0,0,0,0,0
2020-05-29,대구,0,18:30,0,0,0,0,0,0,0
2020-05-30,대구,0,17:00,0,0,0,0,0,0,0
2020-05-31,대구,0,14:00,0,0,0,0,0,0,0
2020-06-09,대구,0,18:30,0,0,0,0,0,0,0
2020-06-10,대구,0,18:30,0,0,0,0,0,0,0
2020-06-11,대구,0,18:30,0,0,0,0,0,0,0
2020-06-12,대구,1,18:30,0,0,0,0,27.5,0,0
2020-06-13,대구,0,14:00,0,0,0,0,0,0,0
2020-06-13,대구,0,17:00,0,0,0,0,0,0,0
2020-06-14,대구,0,17:00,0,0,0,0,0,0,0
2020-06-23,대구,0,18:30,0,0,0,0,0,0,0
2020-06-24,대구,0,18:30,0,0.2,0,0.2,1.2,0,0.4
2020-06-25,대구,0,18:30,0,0,0.3,0,0,0,0.3
2020-06-30,대구,0,18:30,0,0,0,0,0,0,0
2020-07-01,대구,0,18:30,0,0,0,0,0,0,0
2020-07-02,대구,0,18:30,0,0,0,0,0,0,0
2020-07-03,대구,0,18:30,0,0,0,0,0,0,0
2020-07-04,대구,0,18:00,0,0,0,0,0,0,0
2020-07-05,대구,0,17:00,0,0,0,0,0,0,0
2020-07-14,대구,0,18:30,0,0,0,0,0,0,0
2020-07-15,대구,0,18:30,0,0,0,0,0,0,0
2020-07-16,대구,0,18:30,0,0,0,0,0,0,0
2020-07-17,대구,0,18:30,0,0,0,0,0,0,0
2020-07-18,대구,0,18:00,0,0,0,0,0,0,0
2020-07-19,대구,0,17:00,0,0,0,0,0,0,0
2020-07-28,대구,1,18:30,0,0,0,2.6,2.4,2.8,2.6
2020-07-29,대구,0,18:30,0.3,0.2,0,0,0,0,0.5
2020-07-30,대구,0,18:30,0,0,0,0,0,0,0
2020-07-31,대구,0,18:30,0,0,0,0,0,0,0
2020-08-01,대구,0,18:00,0,0,0,0,0,0,0
2020-08-02,대구,0,17:00,0,0,0,0,0,0,0
2020-08-11,대구,0,18:30,0.1,2.8,0,0,0,0,2.9
2020-08-12,대구,0,18:30,0,0,0,0,0,0,0
2020-08-13,대구,0,18:30,0,0,0,0,0,0,0
2020-08-18,대구,0,18:30,0,0,0,0,0,0,0
2020-08-19,대구,0,18:30,0,0,0,0,0,0,0
2020-08-20,대구,0,18:30,0,0,0,0,0,0,0
2020-08-23,대구,0,17:00,0,0,0,0,0,0,0
2020-08-25,대구,0,18:30,0,0,0,0,0,0,0
2020-08-26,대구,0,18:30,0,0,0,0,0,0,0
2020-08-27,대구,0,18:30,0,0,0,0,0,0,0
2020-09-03,대구,0,18:30,0,0,0,0,0,0,0
2020-09-04,대구,0,18:30,0,0,0,0,0,0,0
2020-09-05,대구,1,17:00,0.8,0.7,0.2,0.3,0.1,0,2
2020-09-06,대구,0,14:00,0,0.7,1.2,0,0,0,1.9
2020-09-06,대구,1,17:00,0,0,0,1.5,1.4,0.3,1.5
2020-09-08,대구,0,18:30,0,0,0,0,0,0,0
2020-09-09,대구,0,15:00,0,0,0,0,0,0,0
2020-09-09,대구,0,18:30,0,0,0,0,0,0,0
2020-09-17,대구,0,18:30,0,0,0,0,0,0,0
2020-09-18,대구,0,18:30,0,0,0,0,0,0,0
2020-09-19,대구,0,17:00,0,0,0,0,0,0,0
2020-09-20,대구,0,14:00,0,0,0,0,0,0,0
2020-09-26,대구,0,17:00,0,0,0,0,0,0,0
2020-09-27,대구,0,14:00,0,0,0,0,0,0,0
2020-09-29,대구,0,18:30,0,0,0,0,0,0,0
2020-09-30,대구,0,14:00,0,0,0,0,0,0,0
2020-10-01,대구,0,14:00,0,0,0,0,0,0,0
2020-10-02,대구,0,14:00,0,0,0,0,0,0,0
2020-10-09,대구,0,17:00,0,0,0,0,0,0,0
2020-10-10,대구,0,17:00,0,0,0,0,0,0,0
2020-10-11,대구,0,14:00,0,0,0,0,0,0,0
2020-10-13,대구,0,18:30,0,0,0,0,0,0,0
2020-10-14,대구,0,18:30,0,0,0,0,0,0,0
2020-10-15,대구,0,18:30,0,0,0,0,0,0,0
2020-10-30,대구,0,18:30,0,0,0,0,0,0,0
2021-04-09,대구,0,18:30,0,0,0,0,0,0,0
2021-04-10,대구,0,14:00,0,0,0,0,0,0,0
2021-04-11,대구,0,14:00,0,0,0,0,0,0,0
2021-04-13,대구,0,18:30,0,0,0,0,0,0,0
2021-04-14,대구,0,18:30,0,0,0,0,0,0,0
2021-04-15,대구,0,18:30,0,0,0,0,0,0,0
2021-04-20,대구,0,18:30,0,0,0,0,0,0,0
2021-04-21,대구,0,18:30,0,0,0,0,0,0,0
2021-04-22,대구,0,18:30,0,0,0,0,0,0,0
2021-04-27,대구,0,18:30,0,0,0,0,0,0,0
2021-04-28,대구,0,18:30,0,0,0,0,0,0,0
2021-04-29,대구,0,18:30,0,0,0,0,0,0,0
2021-04-30,대구,0,18:30,0,0,0,0,0,0,0
2021-05-01,대구,0,17:00,0,0,0,0,0,0,0
2021-05-02,대구,0,14:00,0,0,0,0,0,0,0
2021-05-07,대구,0,18:30,0,0,0,0,0,0,0
2021-05-08,대구,0,17:00,0,0,0,0,0,0,0
2021-05-09,대구,0,14:00,0,0,0,0,0,0,0
2021-05-18,대구,0,18:30,0,0,0,0,0,0,0
2021-05-19,대구,0,14:00,0,0,0,0,0,0,0
2021-05-20,대구,0,18:30,0.1,0,0,0.1,0.2,0.1,0.2
2021-05-21,대구,0,18:30,0,0,0,0,0,0,0
2021-05-22,대구,0,17:00,0,0,0,0,0,0,0
2021-05-23,대구,0,14:00,0,0,0,0,0,0,0
2021-05-28,대구,0,18:30,0,0,0,0,0,0,0
2021-05-29,대구,0,17:00,0,0,0,0,0,0,0
2021-05-30,대구,0,14:00,0,0,0,0,0,0,0
2021-06-08,대구,0,18:30,0,0,0,0,0,0,0
2021-06-09,대구,0,18:30,0,0,0,0,0,0,0
2021-06-10,대구,0,18:30,0,0,0,0,0,0,0
2021-06-11,대구,0,18:30,0,0,0,0,0,0,0
2021-06-12,대구,0,17:00,0,0,0,0,0,0,0
2021-06-13,대구,0,17:00,0,0,0,0,0,0,0
2021-06-22,대구,0,18:30,0,0,0,0.1,0,0,0.1
2021-06-23,대구,0,18:30,0,0,0,0,0,0,0
2021-06-24,대구,0,18:30,0,0,0,0,0,0,0
2021-06-25,대구,1,18:30,0,0,0,0.3,7.3,7.1,0.3
2021-06-26,대구,0,14:00,0.1,0,0,0,0,0,0.1
2021-06-26,대구,0,17:00,0,0,0,0,0,0,0
2021-06-27,대구,0,17:00,0,0,0,0,0,0,0
2021-07-06,대구,1,18:30,0.3,1.8,2.2,2.7,0.5,0.4,7
2021-07-07,대구,1,18:30,0.6,0.5,0.9,3,1.4,0,5
2021-07-08,대구,0,18:30,0,0,0.2,0,0,0,0.2
2021-07-09,대구,0,18:30,0,0,0,0,0.5,0,0
2021-07-10,대구,0,18:00,0,0,0,0,2.2,0.3,0
2021-07-11,대구,0,17:00,0,0,0,0,0,0,0
2021-08-10,대구,1,18:30,0,0.7,0.8,0.6,0.2,0,2.1
2021-08-11,대구,0,18:30,0,0,0,1,0,0,1
2021-08-12,대구,0,18:30,0,0,0,0,0,0,0
2021-08-20,대구,0,18:30,0,0,0,0,0,0,0
2021-08-21,대구,1,18:00,1.3,4.7,1.8,0,0,0.8,7.8
2021-08-22,대구,0,17:00,0,0,0,0,0,0,0
2021-08-23,대구,1,18:30,2.3,3.1,2.5,0.3,1.1,0,8.2
2021-08-24,대구,0,18:30,10.7,2.3,0,0,0,0,13
2021-08-25,대구,0,18:30,0,0,0,0,0,0,0
2021-08-31,대구,0,18:30,0,0,0,0,0,0.6,0
2021-09-01,대구,0,15:00,0.2,0,0,0,1.9,0,0
2021-09-01,대구,1,18:30,0,1.9,0,15.7,9.8,0,17.6
2021-09-04,대구,0,17:00,0,0,0,0,0,0,0
2021-09-05,대구,0,14:00,0,0,0,0,0,0,0
2021-09-07,대구,0,18:30,0,0,0,0,0,0,0
2021-09-08,대구,0,18:30,0,0,0,0,0,0,0
2021-09-09,대구,0,18:30,0,0,0,0,0,0,0
2021-09-10,대구,0,18:30,0,0,0,0,0,0,0
2021-09-14,대구,0,18:30,0,0,0,0,0,0,0
2021-09-15,대구,0,18:30,0,0,0,0,0,0,0
2021-09-16,대구,0,18:30,0,0,0,0,0,0,0
2021-09-17,대구,0,18:30,0,0,0,0,0,0,0
2021-09-25,대구,0,17:00,0,0,0,0,0,0,0
2021-09-26,대구,0,14:00,0,0,0,0,0,0,0
2021-09-28,대구,0,18:30,0,0,0,0,0,0,0
2021-09-29,대구,1,18:30,0,0.2,0.2,2.4,2,3,2.8
2021-09-30,대구,0,18:30,0,0,0,0,0,0,0
2021-10-01,대구,0,18:30,0,0,0,0,0,0,0
2021-10-15,대구,0,18:30,0,0,0,0,0.3,0,0.3
2021-10-16,대구,0,14:00,0,0,0,0,0,0,0
2021-10-16,대구,0,17:00,0,0,0,0,0,0,0
2021-10-17,대구,0,14:00,0,0,0,0,0,0,0
2021-10-19,대구,0,18:30,0,0,0,0,0,0,0
2021-10-22,대구,0,18:30,0,0,0,0,0,0,0
2021-10-23,대구,0,17:00,0,0,0,0,0,0,0
2021-10-24,대구,0,14:00,0,0,0,0,0,0,0
2022-04-08,대구,0,18:30,0,0,0,0,0,0,0
2022-04-09,대구,0,17:00,0,0,0,0,0,0,0
2022-04-10,대구,0,14:00,0,0,0,0,0,0,0
2022-04-12,대구,0,18:30,0,0,0,0,0,0,0
2022-04-13,대구,0,18:30,0,0,0,0,0,0,0
2022-04-14,대구,0,18:30,0,0,0,0,0,0,0
2022-04-22,대구,0,18:30,0,0,0,0,0,0,0
2022-04-23,대구,0,17:00,0,0,0,0,0,0,0
2022-04-24,대구,0,14:00,0,0,0,0,0,0,0
2022-04-26,대구,0,18:30,0,0,0,0,0,0,0
2022-04-27,대구,0,18:30,0,0,0,0,0,0,0
2022-04-28,대구,0,18:30,0,0,0,0,0,0,0
2022-05-03,대구,0,18:30,0,0,0,0,0,0,0
2022-05-04,대구,0,18:30,0,0,0,0,0,0,0
2022-05-05,대구,0,14:00,0,0,0,0,0,0,0
2022-05-10,대구,0,18:30,0,0,0,0,0,0,0
2022-05-11,대구,0,18:30,0,0,0,0,0,0,0
2022-05-12,대구,0,18:30,0,0,0,0,0,0,0
2022-05-13,대구,1,18:30,0,0,0.8,1.1,0.7,0,1.9
2022-05-14,대구,0,17:00,0,0,0,0,0,0,0
2022-05-15,대구,0,14:00,0,0,0,0,0,0,0
2022-05-20,대구,0,18:30,0,0,0,0,0,0,0
2022-05-21,대구,0,17:00,0,0,0,0,0,0,0
2022-05-22,대구,0,14:00,0,0,0,0,0,0,0
2022-05-24,대구,0,18:30,0,0,0,0,0,0,0
2022-05-25,대구,0,18:30,0,0,0,0,0,0,0
2022-05-26,대구,0,18:30,0,0,0,0,0,0,0
2022-06-03,대구,0,18:30,0,0,0,0,0,0,0
2022-06-04,대구,0,17:00,0,0,0,0,0,0,0
2022-06-05,대구,1,17:00,1,2,3.2,2.8,7.3,4.4,9
2022-06-10,대구,0,18:30,0,0,0,0,0,0,0
2022-06-11,대구,0,17:00,0,0,0,0,0,0,0
2022-06-12,대구,0,17:00,0,0,0,0,0,0,0
2022-06-21,대구,0,18:30,0,0,0,0,0,0,0
2022-06-22,대구,0,18:30,0,0,0,0,0,0,0
2022-06-23,대구,0,18:30,0,0,0,0,0,0,0
2022-06-28,대구,0,18:30,0,0,0,0,0,0,0
2022-06-29,대구,0,18:30,0,0,0,0,0,0,0
2022-06-30,대구,0,18:30,0,0,0,0,0,0,0
2022-07-05,대구,0,18:30,0,0,0,0,0,0,0
2022-07-06,대구,0,18:30,0,0,0,0,0,1.3,0
2022-07-07,대구,0,18:30,0,0,0,0,0,0,0
2022-07-08,대구,0,18:30,0,0,10.4,0,0,0,0
2022-07-09,대구,0,18:00,0,0,0,0,0,0,0
2022-07-10,대구,0,17:00,0,0,0,0,0,0,0
2022-07-29,대구,0,18:30,0,0,0,0,0,0,0
2022-07-30,대구,0,18:00,0,0,0,0,0,0,0
2022-07-31,대구,0,17:00,0,0,0,0,0,0,0
2022-08-10,대구,0,18:30,0,0,0,0,0,0,0
2022-08-11,대구,1,18:30,0,0.3,1.1,1.5,0,0,2.9
2022-08-12,대구,0,18:30,0,0,0,0,0,0,0
2022-08-20,대구,0,18:00,0.2,0,0,0,0,0,0.2
2022-08-21,대구,0,17:00,0,0,0,0,0,0,0
2022-08-27,대구,0,18:00,0,0,0,0,0,0,0
2022-08-28,대구,0,17:00,0,0,0,0,0,0,0
2022-08-30,대구,1,18:30,7.1,0.7,1.5,1.1,0.4,0,10.4
2022-08-31,대구,0,18:30,0,0,0,0,0,0,0
2022-09-06,대구,0,18:30,0,0,0,0,0,0,0
2022-09-07,대구,0,18:30,0,0,0,0,0,0,0
2022-09-08,대구,0,18:30,0,0,0,0,0,0,0
2022-09-09,대구,0,14:00,0,0,0,0,0,0,0
2022-09-10,대구,0,17:00,0,0,0,0,0,0,0
2022-09-11,대구,0,14:00,0,0,0,0,0,0,0
2022-09-15,대구,0,18:30,0,0,0,0,0,0,0
2022-09-16,대구,0,18:30,0,0,0,0,0,0,0
2022-09-17,대구,0,17:00,0,0,0,0,0,0.2,0
2022-09-18,대구,0,14:00,0,0,0,0,0,0,0
2022-09-22,대구,0,18:30,0,0,0,0,0,0,0
2022-09-23,대구,0,18:30,0,0,0,0,0,0,0
2022-09-25,대구,0,14:00,0,0,0,0,0,0,0
2022-09-29,대구,0,18:30,0,0,0,0,0,0,0
2022-09-30,대구,0,18:30,0,0,0,0,0,0,0
2022-10-01,대구,0,17:00,0,0,0,0,0,0,0
2022-10-08,대구,0,17:00,0,0,0,0,0,0,0
2023-04-01,대구,0,14:00,0,0,0,0,0,0,0
2023-04-02,대구,0,14:00,0,0,0,0,0,0,0
2023-04-04,대구,0,18:30,0,0,0,0,0,0,0
2023-04-05,대구,1,18:30,0.5,0.4,0.6,0,0,0,1.5
2023-04-06,대구,0,18:30,0,0,0,0,0,0,0
2023-04-11,대구,0,18:30,0,0,0,0,0,0,0
2023-04-12,대구,0,18:30,0,0,0,0,0,0,0
2023-04-13,대구,0,18:30,0,0,0,0,0,0,0
2023-04-14,대구,0,18:30,0,0,0,0,0,0,0
2023-04-15,대구,0,17:00,0,0,0,0,0,0,0
2023-04-16,대구,0,14:00,0,0,0,0,0,0,0
2023-04-25,대구,1,18:30,0.6,0.9,0.6,0.5,0.3,0.4,2.6
2023-04-26,대구,0,18:30,0,0,0,0,0,0,0
2023-04-27,대구,0,18:30,0,0,0,0,0,0,0
2023-05-02,대구,0,18:30,0,0,0,0,0,0,0
2023-05-03,대구,0,18:30,0,0,0,0,0,0,0
2023-05-04,대구,0,18:30,0,0,0,0,0,0,0
2023-05-12,대구,0,18:30,0,0,0,0,0,0,0
2023-05-13,대구,0,17:00,0,0,0,0,0,0,0
2023-05-14,대구,0,14:00,0,0,0,0,0,0,0
2023-05-16,대구,0,18:30,0,0,0,0,0,0,0
2023-05-17,대구,0,18:30,0,0,0,0,0,0,0
2023-05-18,대구,1,18:30,0,0.8,0.3,0.3,1.4,0.5,1.4
2023-05-26,대구,0,18:30,0,0,0,0,0,0,0
2023-05-27,대구,0,14:00,0.2,0,0,0,0,0,0.2
2023-05-28,대구,0,14:00,0,0,0,0,0.4,0.6,0
2023-06-06,대구,0,17:00,0,0,0,0,0,0,0
2023-06-07,대구,0,18:30,0,0,0,0,0,0,0
2023-06-08,대구,0,18:30,0,0,0,0,0,0,0
2023-06-09,대구,0,18:30,0,0,0,0,0,0,0
2023-06-10,대구,0,17:00,0,0,0,0,0,0,0
2023-06-11,대구,0,17:00,0,0,0,0,0,0,0
2023-06-20,대구,0,18:30,0,0,0,0,0,0,0
2023-06-21,대구,0,18:30,0,0,0,0,0,0,0
2023-06-22,대구,0,18:30,0,0,0,0,0,0,0
2023-06-30,대구,0,18:30,0.4,0,0,0,0,0,0.4
2023-07-01,대구,0,18:00,0,0,0,0,0,0,0
2023-07-02,대구,0,17:00,0,0,0,0,0,0,0
2023-07-21,대구,0,18:30,0,0,0,0,0,0,0
2023-07-22,대구,0,18:00,0,0,0,0,0,0,0
2023-07-23,대구,0,17:00,0,0,0,0,0,0,0
2023-07-25,대구,0,18:30,0,0,0,0,0,0,0
2023-07-26,대구,0,18:30,0,0,0,0,0,0,0
2023-07-27,대구,0,18:30,0,0,0,0,0,0,0
2023-08-04,대구,0,18:30,0,0,0,0,0,0,0
2023-08-05,대구,0,18:00,0,0,0,0,0,0,0
2023-08-06,대구,0,17:00,0,0,0,0,0,0,0
2023-08-15,대구,0,17:00,0,0,0,0,0,0,0
2023-08-16,대구,0,18:30,0,0,0,1.2,1.9,0,0.12
2023-08-17,대구,0,18:30,0,0,0,0,0,0,0
2023-08-18,대구,0,18:30,0,0,0,0,0,0,0
2023-08-19,대구,0,18:00,0.1,0,0,0,0,0,0.1
2023-08-20,대구,0,17:00,0.2,0,0,4.8,0,0,5
2023-08-25,대구,0,18:30,0,0,0,0,0,0,0
2023-08-26,대구,0,18:00,0,0,0,0,0,0,0
2023-08-27,대구,0,14:00,0,0,0,0,0,0,0
2023-09-01,대구,0,18:30,0,0,0,0,0,0,0
2023-09-02,대구,0,17:00,0,0,0,0,0,1,0
2023-09-03,대구,0,17:00,0,0,0,0,0,0,0
2023-09-12,대구,0,18:30,0,0,0,0,0,0,0
2023-09-14,대구,0,18:30,0,0,0,0,0,0,0
2023-09-16,대구,1,17:00,0.9,0.2,1.4,2.2,10.7,0.6,4.7
2023-09-17,대구,0,14:00,0,0,0,0,0,0,0
2023-09-20,대구,1,18:30,1,0.5,3.1,11.8,3.9,0.7,16.4
2023-09-21,대구,0,18:30,0,0,0,0,0,0,0
2023-09-22,대구,0,18:30,0,0,0,0,0,0,0
2023-09-30,대구,0,14:00,0,0,0,0,0,0,0
2023-10-04,대구,0,18:30,0,0,0,0,0,0,0
2023-10-05,대구,0,18:30,0,0,0,0,0,0,0
2023-10-14,대구,0,17:00,0,0,0.2,0,0,0,0.2
2024-03-29,대구,0,18:30,0,0,0,0,0,0,0
2024-03-30,대구,0,17:00,0,0.6,0.2,0,0,0,0.8
2024-03-31,대구,0,14:00,0,0,0,0,0,0,0
2024-04-02,대구,0,18:30,0,0,0,0,0,0,0
2024-04-03,대구,1,18:30,2.1,3.6,1.7,1.3,1,0.3,7.4
2024-04-04,대구,0,18:30,0,0,0,0,0,0,0
2024-04-12,대구,0,18:30,0,0,0,0,0,0,0
2024-04-13,대구,0,17:00,0,0,0,0,0,0,0
2024-04-14,대구,0,14:00,0,0,0,0,0,0,0
2024-04-16,대구,0,18:30,0,0,0,0,0,0,0
2024-04-17,대구,0,18:30,0,0,0,0,0,0,0
2024-04-18,대구,0,18:30,0,0,0,0,0,0,0
2024-04-23,대구,0,18:30,0,0,0,0,0,0,0
2024-04-24,대구,0,18:30,0,0,0,0,0,0,0
2024-04-25,대구,0,18:30,0,0,0,0,0,0,0
2024-05-03,대구,0,18:30,0,0,0,0,0,0,0
2024-05-04,대구,0,17:00,0,0,0,0,0,0,0
2024-05-05,대구,1,14:00,0.5,0.3,0.4,0.9,0.6,0.6,2.1
2024-05-07,대구,1,18:30,0,0,0.3,0.2,0.5,0.4,0.5
2024-05-08,대구,0,18:30,0,0,0,0,0,0,0
2024-05-09,대구,0,18:30,0,0,0,0,0,0,0
2024-05-17,대구,0,18:30,0,0,0,0,0,0,0
2024-05-18,대구,0,17:00,0,0,0,0,0,0,0
2024-05-19,대구,0,14:00,0,0,0,0,0,0,0
2024-05-21,대구,0,18:30,0,0,0,0,0,0,0
2024-05-22,대구,0,18:30,0,0,0,0,0,0,0
2024-05-23,대구,0,18:30,0,0,0,0,0,0,0
2024-05-28,대구,0,18:30,0,0,0,0,0,0,0
2024-05-29,대구,0,18:30,0,0,0,0,0,0,0
2024-05-30,대구,0,18:30,0,0,0,0,0,0,0
2024-05-31,대구,0,18:30,0,0,0,0,0,0,0
2024-06-01,대구,0,17:00,0,0,0,0,0,0,0
2024-06-02,대구,0,17:00,0,0,0,0,0,0,0
2024-06-11,대구,0,18:30,0,0,0,0,0,0,0
2024-06-12,대구,0,18:30,0,0,0,0,0,0,0
2024-06-13,대구,0,18:30,0,0,0,0,0,0,0
2024-06-18,대구,0,18:30,0,0,0,0,0,0,0
2024-06-19,대구,0,18:30,0,0,0,0,0,0,0
2024-06-20,대구,0,18:30,0,0,0,0,0,0,0
2024-06-21,대구,0,18:30,0,0,0,0,0,0,0
2024-06-22,대구,1,17:00,1.8,2.1,1,0.9,3.2,1.4,5.8
2024-06-23,대구,0,14:00,0,0,0,0.1,0,0,0
2024-06-23,대구,0,17:00,0,0,0,0,0,0,0
2024-07-02,대구,0,18:30,0,0,0,0,0,0,0
2024-07-03,대구,0,18:30,0,0,0,0,0,0,0
2024-07-04,대구,0,18:30,0,0,0,0,0,0,0
2024-07-09,대구,1,18:30,0.1,1.3,0,0.4,3.7,7.9,1.8
2024-07-10,대구,0,18:30,0,0,0,0,0,0,0
2024-07-11,대구,0,18:30,0,0,23.8,0.2,0,4.5,0
2024-07-19,대구,0,18:30,0,0,0,0,0,0,0
2024-07-20,대구,0,18:00,0,0,0,0,0,0,0
2024-07-21,대구,0,17:00,0,0,0,0,0,0,0
2024-07-26,대구,0,18:30,0,0,0,0,0,0,0
2024-07-27,대구,0,18:00,0,0,0,0,0,0,0
2024-07-28,대구,0,17:00,0,0,0,0,0,0,0
2024-08-02,대구,0,18:30,0,0,0,0,0,0,0
2024-08-03,대구,0,18:00,0,0,0,0,0,0,0
2024-08-04,대구,0,17:00,0,0,0,0,0,0,0
2024-08-06,대구,0,18:30,0,0,0,0,0,0,0
2024-08-07,대구,0,18:30,0,0,0,0,0,0,0
2024-08-08,대구,0,18:30,0.5,0,0,0,0,0,0.5
2024-08-13,대구,0,18:30,0,0,0,0,0,0,0
2024-08-14,대구,0,18:30,0,0,0,0,0,0,0
2024-08-15,대구,0,18:00,0,0,0,0,0,0,0
2024-08-23,대구,0,18:30,0,0,0,0,0,0,0
2024-08-24,대구,0,18:00,0,0,0,0,0,0,0
2024-08-25,대구,0,18:00,0,0,0,0,0,0,0
2024-08-31,대구,0,18:00,0,0,0,0,0,0,0
2024-09-01,대구,0,14:00,0,0,0,0,0,0,0
2024-09-03,대구,0,18:30,0,0,0,0,0,0,0
2024-09-04,대구,0,18:30,0,0,0,0,0,0,0
2024-09-07,대구,0,17:00,0,0,0,0,0.1,1.7,0
2024-09-08,대구,0,14:00,0,0,0,0,0,0,0
2024-09-21,대구,1,17:00,5.6,2,1.7,2.9,14.2,6,12.2
2024-09-22,대구,0,14:00,0,0,0,0,0,0,0
2024-09-25,대구,0,18:30,0,0,0,0,0,0,0
2024-09-28,대구,0,17:00,0,0,0,0,0,0,0
2024-03-29,대전,0,18:30,0,0,0,0,0,0,0
2024-03-30,대전,0,17:00,0,0,0,0,0,0,0
2024-03-31,대전,0,14:00,0,0,0,0,0,0,0
2024-04-02,대전,0,18:30,0,0,0,0,0,0,0
2024-04-03,대전,1,18:30,2.3,1.4,1.2,0.5,0,0,4.9
2024-04-04,대전,0,18:30,0,0,0,0,0,0,0
2024-04-12,대전,0,18:30,0,0,0,0,0,0,0
2024-04-13,대전,0,14:00,0,0,0,0,0,0,0
2024-04-14,대전,0,14:00,0,0,0,0,0,0,0
2024-04-19,대전,0,18:30,0,0,0,0,0,0,0
2024-04-20,대전,0,17:00,0,0.8,0.3,0.1,0.1,0,1.2
2024-04-21,대전,0,14:00,0,0,0,0,0,0,0
2024-04-26,대전,0,18:30,0,0,0,0,0,0,0
2024-04-27,대전,0,17:00,0,0,0,0,0,0,0
2024-04-28,대전,0,14:00,0,0,0,0,0,0,0
2024-04-30,대전,0,18:30,0,0,0,0,0,0,0
2024-05-01,대전,0,18:30,0,0,0,0,0,0,0
2024-05-02,대전,0,18:30,0,0,0,0,0,0,0
2024-05-10,대전,0,18:30,0,0,0,0,0,0,0
2024-05-11,대전,0,14:00,0,0,0,0,0,0,0
2024-05-12,대전,0,14:00,0,0,0,0,0,0,0
2024-05-14,대전,0,18:30,0,0,0,0,0,0,0
2024-05-15,대전,0,14:00,0,0,0,0,0,0,0
2024-05-16,대전,0,18:30,0,0,0,0,0,0,0
2024-05-21,대전,0,18:30,0,0,0,0,0,0,0
2024-05-22,대전,0,18:30,0,0,0,0,0,0,0
2024-05-23,대전,0,18:30,0,0,0,0,0,0,0
2024-05-28,대전,0,18:30,0,0,0,0,0,0,0
2024-05-29,대전,0,18:30,0,0,0,0,0,0,0
2024-05-30,대전,0,18:30,0,0,0,0,0,0,0
2024-06-07,대전,0,18:30,0,0,0,0,0,0,0
2024-06-08,대전,0,17:00,0,0,0,0,0,0,0
2024-06-09,대전,0,17:00,0,0,0,0,0,0,0
2024-06-14,대전,0,18:30,0,0,0,0,0,0,0
2024-06-15,대전,0,17:00,0,0,0,0,0.4,1,0
2024-06-16,대전,0,17:00,0,0,0,0,0,0,0
2024-06-25,대전,0,18:30,0,0,0,0,0,0,0
2024-06-26,대전,0,18:30,0,0,0,0,0,0,0
2024-06-27,대전,0,18:30,0,0,0,0,0,0,0
2024-07-02,대전,0,18:30,0,0,0.2,0,0,0,0
2024-07-03,대전,0,18:30,0,0,0,0,0,0,0
2024-07-04,대전,0,18:30,0,0,0,0,0,0,0
2024-07-12,대전,0,18:30,0,0,0,0,0,0,0
2024-07-13,대전,0,18:00,0,0,4.9,0,0,0,4.9
2024-07-14,대전,0,17:00,0,0,0,0,0,0,0
2024-07-19,대전,0,18:30,0,0,0,0,0,0,0
2024-07-20,대전,0,18:00,0,0,0,0,0,0,0
2024-07-21,대전,0,17:00,0,0,0,0,0,0,0
2024-07-23,대전,0,18:30,0.3,2.2,0,0,0,0,2.5
2024-07-24,대전,0,18:30,0,0,0,0,0,0,0
2024-07-25,대전,0,18:30,0,0,0,0.1,0,0,0.1
2024-08-02,대전,0,18:30,0,0,0,0,0,0,0
2024-08-03,대전,0,18:00,0,0,0,0,0,0,0
2024-08-04,대전,1,17:00,0.6,5.4,0,0,0,0,6
2024-08-09,대전,0,18:30,0,0,0,0,0,0,0
2024-08-10,대전,0,18:00,0,0,0,0,0,0,0
2024-08-11,대전,0,18:00,0,0,0,0,0,0,0
2024-08-13,대전,0,18:30,0,0,0,0,0,0,0
2024-08-14,대전,0,18:30,0,0,0,0,0,0,0
2024-08-15,대전,0,18:00,0,0,0,0,0,0,0
2024-08-31,대전,0,18:00,0,0,0,0,0,0,0
2024-09-03,대전,0,18:30,0,0,0,0,0,0,0
2024-09-11,대전,0,18:30,0,4.1,11.9,0.7,1.6,0.5,16.7
2024-09-12,대전,0,18:30,0,0.2,0.2,0,0,0,0.4
2024-09-21,대전,1,17:00,2.5,2.4,0,0.2,0,0,5.1
2024-09-22,대전,0,14:00,0,0,0,0,0,0,0
2024-09-23,대전,0,18:30,0,0,0,0,0,0,0
2024-09-27,대전,0,18:30,0,0,0,0,0,0,0
2024-09-28,대전,0,17:00,0,0,0,0,0,0,0
2024-09-29,대전,0,17:00,0,0,0,0,0,0,0
2024-03-23,문학,0,14:00,0,0,0,0,0,0,0
2024-03-24,문학,0,14:00,0,0,0,0,0,0,0
2024-03-26,문학,0,18:30,0,0,0,0,0,0,0
2024-03-27,문학,0,18:30,0,0,0,0,0,0,0
2024-03-28,문학,0,18:30,0,0,0,0,0,0,0
2024-04-02,문학,0,18:30,0,0,0,0,0,0,0
2024-04-03,문학,0,18:30,0,0,0,0,0,0,0
2024-04-04,문학,0,18:30,0,0,0,0,0,0,0
2024-04-09,문학,0,18:30,0,0,0,0,0,0,0
2024-04-10,문학,0,14:00,0,0,0,0,0,0,0
2024-04-11,문학,0,18:30,0,0,0,0,0,0,0
2024-04-16,문학,0,18:30,0,0,0,0,0,0,0
2024-04-17,문학,0,18:30,0,0,0,0,0,0,0
2024-04-18,문학,0,18:30,0,0,0,0,0,0,0
2024-04-19,문학,0,18:30,0,0,0,0,0,0,0
2024-04-20,문학,1,17:00,0,0.3,0.2,0.5,1.4,0.2,1
2024-04-21,문학,0,14:00,0,0,0,0,0,0,0
2024-04-26,문학,0,18:30,0,0,0,0,0,0,0
2024-04-27,문학,0,17:00,0,0,0,0,0,0,0
2024-04-28,문학,0,14:00,0,0,0,0,0,0,0
2024-05-03,문학,0,18:30,0,0,0,0,0,0,0
2024-05-04,문학,0,17:00,0,0,0,0,0,0,0
2024-05-05,문학,1,14:00,3,2.6,1.7,1.7,2.6,2.6,9
2024-05-14,문학,0,18:30,0,0,0,0,0,0,0
2024-05-15,문학,1,14:00,0,0,0,2,4.1,2.3,2
2024-05-16,문학,0,18:30,0,0,0,0,0,0,0
2024-05-24,문학,0,18:30,0,0,0,0,0,0,0
2024-05-25,문학,0,17:00,0,0,0,0,0,0,0
2024-05-26,문학,1,14:00,0,0,0,0.2,1,2,0.2
2024-05-28,문학,0,18:30,0,0,0,0,0,0,0
2024-05-29,문학,0,18:30,0,0,0,0,0,0,0
2024-05-30,문학,0,18:30,0,0,0,0,0,0,0
2024-06-04,문학,0,18:30,0,0,0,0,0,0,0
2024-06-05,문학,0,18:30,0,0,0,0,0,0,0
2024-06-06,문학,0,14:00,0,0,0,0,0,0,0
2024-06-11,문학,0,18:30,0,0,0,0,0,0,0
2024-06-12,문학,0,18:30,0,0,0,0,0,0,0
2024-06-13,문학,0,18:30,0,0,0,0,0,0,0
2024-06-21,문학,0,18:30,0,0,0,0,0,0,0
2024-06-22,문학,0,17:00,5.2,0.4,0.7,0,0,0,6.3
2024-06-23,문학,0,17:00,0,0,0,0,0,0,0
2024-06-25,문학,0,18:30,0,0,0,0,0,0,0
2024-06-26,문학,0,18:30,0,0,0,0,0,0,0
2024-06-27,문학,0,18:30,0,0,0,0,0,0,0
2024-07-09,문학,0,18:30,0.1,0,0,0,0,0,0.1
2024-07-10,문학,0,18:30,0,0,0,0,0,0,0
2024-07-11,문학,0,18:30,0,0,0,0,0,0,0
2024-07-19,문학,0,18:30,0,0,0,0,0,0,0
2024-07-20,문학,1,18:00,0,0,0,0,2.9,0.2,0
2024-07-21,문학,0,17:00,0,0,0,0,0,0,0
2024-07-26,문학,0,18:30,0,1.1,1.9,0,0,0,3
2024-07-27,문학,0,18:00,0,0,0,0,0,0,0
2024-07-28,문학,0,17:00,0,0,0,0,0,0,0
2024-07-30,문학,0,18:30,0,0,0,0,0,0,0
2024-07-31,문학,0,18:30,0,0,0,0,0,0,0
2024-08-01,문학,0,18:30,0,0,0,0,0,0,0
2024-08-09,문학,0,18:30,0,0,0,0,0,0,0
2024-08-10,문학,0,18:00,0,0,0,0,0,0,0
2024-08-11,문학,0,18:00,0,0,0,0,0,0,0
2024-08-16,문학,0,18:30,0,0,0,0,0,0,0
2024-08-17,문학,0,18:00,0,0,0,0,0,0,0
2024-08-18,문학,0,18:00,0,0,0,0,0,0,0
2024-08-23,문학,0,18:30,0,0,0,0,0,0,0
2024-08-24,문학,0,18:00,0,0,0,0,0,0,0
2024-08-25,문학,0,18:00,0,0,0,0,0,0,0
2024-08-31,문학,0,18:00,0,0,0,0,0,0,0
2024-09-01,문학,0,14:00,0,0,0,0,0,0,0
2024-09-10,문학,0,18:30,0,0,0,0,0,0,0
2024-09-11,문학,0,18:30,0,0,0,0,0,0,0
2024-09-13,문학,1,18:30,4,2.8,0,0,0.1,0.9,6.8
2024-09-14,문학,0,14:00,0,0,0,0,0,0,0
2024-09-15,문학,0,14:00,0,0,0,0,0,0,0
2024-09-17,문학,0,14:00,0,0,0,0,0,0,0
2024-09-19,문학,0,18:30,0,0,0,0,0,0,0
2024-09-20,문학,1,18:30,4.5,4.9,3.8,4.3,3.7,3.1,13.2
2024-09-24,문학,0,18:30,0,0,0,0,0,0,0
2024-09-30,문학,0,18:30,0,0,0,0,0,0,0
2022-09-25,문학,0,14:00,0,0,0,0,0,0,0
2021-09-19,문학,0,14:00,0,0,0,0,0,0,0
2024-03-29,사직,0,18:30,0,0,0,0,0,0,0
2024-03-30,사직,0,17:00,0,0,0,0,0,0,0
2024-03-31,사직,0,14:00,0,0,0,0,0,0,0
2024-04-05,사직,0,18:30,0,0,0,0,0,0,0
2024-04-06,사직,0,17:00,0,0,0,0,0,0,0
2024-04-07,사직,0,14:00,0,0,0,0,0,0,0
2024-04-09,사직,0,18:30,0,0,0,0,0,0,0
2024-04-10,사직,0,14:00,0,0,0,0,0,0,0
2024-04-11,사직,0,18:30,0,0,0,0,0,0,0
2024-04-19,사직,0,18:30,0,0,0,0,0,0,0
2024-04-20,사직,1,17:00,0.5,1,1.6,1.6,2.4,2.5,4.7
2024-04-21,사직,0,14:00,0,0,0,0,0,0,0
2024-04-23,사직,0,18:30,0,0,0,0,0,0,0
2024-04-24,사직,0,18:30,0,0,0,0,0,0,0
2024-04-25,사직,0,18:30,0,0,0,0,0,0,0
2024-04-30,사직,0,18:30,0,0,0,0,0,0,0
2024-05-01,사직,0,18:30,0,0,0,0,0,0,0
2024-05-02,사직,0,18:30,0,0,0,0,0,0,0
2024-05-07,사직,1,18:30,0.6,0.9,1.9,1.6,0,0,5
2024-05-08,사직,0,18:30,0,0,0,0,0,0,0
2024-05-09,사직,0,18:30,0,0,0,0,0,0,0
2024-05-10,사직,0,18:30,0,0,0,0,0,0,0
2024-05-11,사직,0,17:00,0,0,0,0,0,0,0
2024-05-12,사직,0,14:00,0,0,0,0,0,0,0
2024-05-21,사직,0,18:30,0,0,0,0,0,0,0
2024-05-22,사직,0,18:30,0,0,0,0,0,0,0
2024-05-23,사직,0,18:30,0,0,0,0,0,0,0
2024-05-24,사직,0,18:30,0,0,0,0,0,0,0
2024-05-25,사직,0,17:00,0,0,0,0,0,0,0
2024-05-26,사직,0,14:00,0,0,0,0,0,0,0
2024-05-31,사직,0,18:30,0,0,0,0,0,0,0
2024-06-01,사직,0,17:00,0,0,0,0,0,0,0
2024-06-02,사직,0,17:00,0,0,0,0,0,0,0
2024-06-07,사직,0,18:30,0,0,0,0,0,0,0
2024-06-08,사직,1,17:00,1.3,1.5,2.4,0.7,4.3,3.1,5.9
2024-06-09,사직,0,14:00,0,0,0,0,0,0,0
2024-06-09,사직,0,17:00,0,0,0,0,0,0,0
2024-06-11,사직,0,18:30,0,0,0,0,0,0,0
2024-06-12,사직,0,18:30,0,0,0,0,0,0,0
2024-06-13,사직,0,18:30,0,0,0,0,0,0,0
2024-06-25,사직,0,18:30,0,0,0,0,0,0,0
2024-06-26,사직,0,18:30,0,0,0,0,0,0,0
2024-06-27,사직,0,18:30,0,0,0,0,0.1,0,0
2024-06-28,사직,0,18:30,0,0,0,0,0,0,0
2024-06-29,사직,1,17:00,0.8,0.3,2.3,1.2,2.5,14,4.6
2024-06-30,사직,0,14:00,0.5,0,0,0,0,0,0
2024-06-30,사직,1,17:00,0,0,0,0,1.5,1.5,0
2024-07-12,사직,0,18:30,0,0,0,0,0,0,0
2024-07-13,사직,0,18:00,0,0,0,0,0,0,0
2024-07-14,사직,1,17:00,0,0,2.8,4.5,8.3,1.4,7.3
2024-07-23,사직,0,18:30,0,0,0,0,0,0,0
2024-07-24,사직,0,18:30,0,0,0,0,0,0,0
2024-07-25,사직,0,18:30,0,0,0,0,0,0,0
2024-08-06,사직,0,18:30,0,0,0,0.3,0,0,0.3
2024-08-07,사직,0,18:30,0,0,0,0,0,0,0
2024-08-08,사직,1,18:30,0,9.5,0,0,0,0,9.5
2024-08-16,사직,0,18:30,0,0,0,0,0,0,0
2024-08-17,사직,0,18:00,0,0,0,0,0,0,0
2024-08-18,사직,0,18:00,0,0,0,0,0,0,0
2024-08-27,사직,0,18:30,0,0,0,0,0,0,0
2024-08-28,사직,0,18:30,0,0,0,0,0,0,0
2024-08-29,사직,0,18:30,0,0,0,0,0,0.8,0
2024-09-04,사직,0,18:30,0,0,0,0,0,0,0
2024-09-05,사직,0,18:30,0,0,0,0,0,0,0
2024-09-06,사직,0,18:30,0,0,0,0,0,0,0
2024-09-07,사직,0,17:00,0,0,0,0,0,0,0
2024-09-08,사직,0,14:00,0,0,0,0,0,0,0
2024-09-13,사직,0,18:30,0,0,0,0,0,0,0
2024-09-14,사직,0,14:00,0,0,0,0,0,0,0
2024-09-15,사직,0,14:00,0,0,0,0,0,0,0
2024-09-17,사직,0,14:00,0,0,0,0,0,0,0
2024-09-18,사직,0,17:00,0,0,0,0,0,0,0
2024-09-19,사직,0,18:30,0,0,0,0,0,0,0
2024-09-26,사직,0,18:30,0,0,0,0,0,0,0
2024-09-27,사직,0,18:30,0,0,0,0,0,0,0
2024-09-28,사직,0,17:00,0,0,0,0,0,0.2,0
2020-05-05,사직,0,14:00,0,0,0,0,0,0,0
2020-05-06,사직,0,18:30,0,0,0,0,0,0,0
2020-05-07,사직,0,18:30,0,0,0,0,0,0,0
2020-05-08,사직,0,18:30,0,0,0,0,0,0,0
2020-05-09,사직,1,17:00,0.2,0.3,0.7,1.1,0,0.2,2.3
2020-05-10,사직,0,14:00,0,0,0,0,0,0,0
2020-05-12,사직,0,18:30,0,0,0,0,0,0,0
2020-05-13,사직,0,18:30,0,0,0,0,0,0,0
2020-05-14,사직,0,18:30,0,0,0,0,0,0,0
2020-05-15,사직,1,18:30,0.5,0.8,0.2,0.2,0.8,0.3,1.7
2020-05-16,사직,0,14:00,0,0.1,0.2,0,0,0,0.3
2020-05-17,사직,0,14:00,0,0,0,0,0,0,0
2020-05-19,사직,0,18:30,0,0,0,0,0,0,0
2020-05-20,사직,0,18:30,0,0,0,0,0,0,0
2020-05-21,사직,0,18:30,0,0,0,0,0,0,0
2020-05-22,사직,0,18:30,0,0,0,0,0,0,0
2020-05-23,사직,0,14:00,0,0,0,0,0,0,0
2020-05-24,사직,0,14:00,0,0,0,0,0,0,0
2020-05-26,사직,0,18:30,0,0,0,0,0,0,0
2020-05-27,사직,0,18:30,0,0,0,0,0,0,0
2020-05-28,사직,0,18:30,0,0,0,0,0,0,0
2024-03-23,수원,0,14:00,0,0,0,0,0,0,0
2024-03-24,수원,0,14:00,0,0,0,0,0,0,0
2024-03-26,수원,0,18:30,0,0,0,0,0,0,0
2024-03-27,수원,0,18:30,0,0,0,0,0,0,0
2024-03-28,수원,0,18:30,1.1,0,0,0,0,0,1.1
2024-04-02,수원,0,18:30,0,0,0,0,0,0,0
2024-04-03,수원,0,18:30,0,0,0,0,0,0,0
2024-04-04,수원,0,18:30,0,0,0,0,0,0,0
2024-04-12,수원,0,18:30,0,0,0,0,0,0,0
2024-04-13,수원,0,17:00,0,0,0,0,0,0,0
2024-04-14,수원,0,14:00,0,0,0,0,0,0,0
2024-04-23,수원,0,18:30,0,0,0,0,0,0,0
2024-04-24,수원,0,18:30,0,0,0,0,0,0,0
2024-04-25,수원,0,18:30,0,0,0,0,0,0,0
2024-05-03,수원,0,18:30,0,0,0,0,0,0,0
2024-05-04,수원,0,17:00,0,0,0,0,0,0,0
2024-05-05,수원,1,14:00,3.5,3.3,1.9,1.8,3.8,3.2,10.5
2024-05-07,수원,1,18:30,0,0,0,0.1,0.7,0.2,0.1
2024-05-08,수원,0,18:30,0,0,0,0,0,0,0
2024-05-09,수원,0,18:30,0,0,0,0,0,0,0
2024-05-14,수원,0,18:30,0,0,0,0,0,0,0
2024-05-15,수원,1,14:00,0,0,0,0,2.3,2.8,0
2024-05-16,수원,0,18:30,0,0,0,0,0,0,0
2024-05-17,수원,0,18:30,0,0,0,0,0,0,0
2024-05-18,수원,0,17:00,0,0,0,0,0,0,0
2024-05-19,수원,0,14:00,0,0,0,0,0,0,0
2024-05-24,수원,0,18:30,0,0,0,0,0,0,0
2024-05-25,수원,0,17:00,0,0,0,0,0,0,0
2024-05-26,수원,1,14:00,0,0,0,0.3,2,0.7,0.3
2024-06-04,수원,0,18:30,0,0,0,0,0,0,0
2024-06-05,수원,0,18:30,0,0,0,0,0,0,0
2024-06-06,수원,0,17:00,0,0,0,0,0,0,0
2024-06-07,수원,0,18:30,0,0,0,0,0,0,0
2024-06-08,수원,0,17:00,0,0,0,0,0,0,0
2024-06-09,수원,0,17:00,0,0,0,0,0,0,0
2024-06-14,수원,0,18:30,0,0,0,0,0,0,0
2024-06-15,수원,0,17:00,0,0,0,0,0,0,0
2024-06-16,수원,0,17:00,0,0,0,0,0,0,0
2024-06-18,수원,0,18:30,0,0,0,0,0,0,0
2024-06-19,수원,0,18:30,0,0,0,0,0,0,0
2024-06-20,수원,0,18:30,0,0,0,0,0,0,0
2024-06-28,수원,0,18:30,0,0,0,0,0,0,0
2024-06-29,수원,1,17:00,0,0,0,0.1,5,1.9,0.1
2024-06-30,수원,0,14:00,0,0,0,0,0,0,0
2024-06-30,수원,0,17:00,0,0,0,0,0,0,0
2024-07-09,수원,0,18:30,0,0,0,0,0,0,0
2024-07-10,수원,0,18:30,0,0,0,0,0,0,0
2024-07-11,수원,0,18:30,0,0,0,0,0,0,0
2024-07-19,수원,0,18:30,0,0,0,0,0,0,0
2024-07-20,수원,1,18:00,0,0,0,0,7.2,0.7,0
2024-07-21,수원,0,17:00,0,0,0,0,0,0,0
2024-07-23,수원,1,18:30,0,0,1.5,0,15.8,0.2,1.5
2024-07-24,수원,0,18:30,0,0,1.1,0,0,0,1.1
2024-07-25,수원,0,18:30,0,0,0,0,0,0,0
2024-07-30,수원,0,18:30,0,0,0,0,0,0,0
2024-07-31,수원,0,18:30,0,0,0,0,0,0,0
2024-08-01,수원,0,18:30,0,0,0,0,0,0,0
2024-08-09,수원,0,18:30,0,0,0,0,0,0,0
2024-08-10,수원,0,18:00,0,0,0,0,0,0,0
2024-08-11,수원,0,18:00,0,0,0,0,0,0,0
2024-08-16,수원,0,18:30,0,0,0,0,0,0,0
2024-08-17,수원,0,18:00,0,0,0,0,0,0,0
2024-08-18,수원,0,18:00,0,0,0,0,0,0,0
2024-08-20,수원,0,18:30,0,0,0,0,0,0,0
2024-08-21,수원,0,18:30,0,0,0,0.2,0,0,0.2
2024-08-22,수원,0,18:30,0.2,0,0,0,0,0.1,0.2
2024-08-30,수원,0,18:30,0,0,0,0,0,0,0
2024-09-07,수원,0,17:00,0,0,0,0,0,0,0
2024-09-10,수원,0,18:30,0,0,0,0,0,0,0
2024-09-11,수원,0,18:30,0,0.3,0,0,0,2.1,0.3
2024-09-12,수원,0,18:30,0.8,0,0.9,0,0,0,1.7
2024-09-16,수원,0,14:00,0,0,0,0,0,0,0
2024-09-18,수원,0,17:00,0,0,0,0,0,0,0
2024-09-19,수원,0,18:30,0,0,0,0,0,0,0
2024-09-21,수원,0,17:00,0,0,0,0,0,0,0
2024-09-22,수원,0,14:00,0,0,0,0,0,0,0
2024-09-24,수원,0,18:30,0,0,0,0,0,0,0
2024-09-27,수원,0,18:30,0,0,0,0,0,0,0
2024-09-28,수원,0,17:00,0,0,0,0,0,0,0
2020-05-05,문학,0,14:00,0,0,0,0,0,0,0
2020-05-06,문학,0,18:30,0,0,0,0,0,0,0
2020-05-07,문학,0,18:30,0,0,0,0,0,0,0
2020-05-15,문학,0,18:30,0,0,0,0,0,0,0
2020-05-16,문학,0,17:00,0,0,0,0,0,0,0
2020-05-17,문학,0,14:00,0,0,0,0,0,0,0
2020-05-29,잠실,0,18:30,0,0,0,0,0,0,0
2020-05-30,잠실,0,17:00,0,0,0,0,0,0,0
2020-05-31,잠실,0,14:00,0,0,0,0,0,0,0
2020-06-02,잠실,0,18:30,0,0,0,0,0,0,0
2020-06-03,잠실,0,18:30,0,0,0,0,0,0,0
2020-06-04,잠실,0,18:30,0,0,0,0,0,0,0
2020-06-05,잠실,0,18:30,0,0,0,0,0,0,0
2020-06-06,잠실,0,14:00,0,0,0,0,0,0,0
2020-06-07,잠실,0,17:00,0,0,0,0,0,0,0
2020-06-09,잠실,0,18:30,0,0,0,0,0,0,0
2020-06-10,잠실,0,18:30,0,0,0,0,0,0,0
2020-06-11,잠실,0,15:00,0,0,0,0,0,0,0
2020-06-11,잠실,0,18:30,0,0,0,0,0,0,0
2020-06-12,잠실,0,18:30,0,0,0,0,0,0,0
2020-06-13,잠실,0,17:00,0,0,0,0,0,0,0
2020-06-14,잠실,0,17:00,0,0,0,0,0,0,0
2020-06-16,잠실,0,18:30,0,0,0,0,0,0,0
2020-06-17,잠실,0,18:30,0,0,0,0,0,0,0
2020-06-18,잠실,0,18:30,0,0,0,0,0,0,0
2020-06-19,잠실,0,18:30,0,0,0,0,0,0,0
2020-06-20,잠실,0,17:00,0,0,0,0,0,0,0
2020-06-21,잠실,0,17:00,0,0,0,0,0,0,0
2020-06-23,잠실,0,18:30,0,0,0,0,0,0,0
2020-06-24,잠실,1,18:30,0.7,0.3,1.9,3.3,1.5,1.2,6.2
2020-06-25,잠실,0,15:00,0,0,0,0,0,0,0
2020-06-25,잠실,0,18:30,0,0,0,0,0,0,0
2020-06-26,잠실,0,18:30,0,0,0,0,0,0,0
2020-06-27,잠실,0,17:00,0,0,0,0,0,0,0
2020-06-28,잠실,0,17:00,0,0,0,0,0,0,0
2020-06-30,잠실,0,18:30,0,0,0,0,0,0,0
2020-07-01,잠실,0,18:30,0,0,0,0,0,0,0
2020-07-02,잠실,0,18:30,0,0,0,0,0,0,0
2020-07-03,잠실,0,18:30,0,0,0,0,0,0,0
2020-07-04,잠실,0,18:00,0,0,0,0,0,0,0
2020-07-05,잠실,0,17:00,0,0,0,0,0,0,0
2020-07-07,잠실,0,18:30,0,0,0,0,0,0,0
2020-07-08,잠실,0,18:30,0,0,0,0,0,0,0
2020-07-09,잠실,0,18:30,0,0,0,0,0,0,0
2020-07-10,잠실,0,18:30,0,0,0,0,0,0,0
2020-07-11,잠실,0,18:00,0,0,0,0,0,0,0
2020-07-12,잠실,1,17:00,0,0,0,0.1,0.8,0.8,0.1
2020-07-13,잠실,1,18:30,0,0,0,0,0,0,0
2020-07-14,잠실,0,18:30,0.8,1.4,2.8,1.6,0.7,1.5,6.6
2020-07-15,잠실,0,18:30,0,0,0,0,0,0,0
2020-07-16,잠실,0,18:30,0,0,0,0,0,0,0
2020-07-17,잠실,0,18:30,0,0,0,0,0,0,0
2020-07-18,잠실,0,18:00,0,0,0,0,0,0,0
2020-07-19,잠실,0,17:00,0,0,0,0,0,0,0
2020-07-21,잠실,0,18:30,0,0,0,0,0,0,0
2020-07-22,잠실,1,18:30,0,0.2,0.3,1.2,0,0,1.7
2020-07-23,잠실,1,18:30,5.2,8.7,10.7,17.3,16.6,9.8,42
2020-07-24,잠실,0,18:30,0,0,0,0,0,0,0
2020-07-25,잠실,0,18:00,0,0,0,0,0,0,0
2020-07-26,잠실,0,17:00,0,0,0,0,0,0,0
2020-07-28,잠실,0,18:30,0,0,0.2,0.1,0,0,0.3
2020-07-29,잠실,1,18:30,0.8,0,0.3,0.1,0,0,1.2
2020-07-30,잠실,0,18:30,0,0,0,0,0,0,0
2020-07-31,잠실,0,18:30,0,0,0,0.3,0,0,0
2020-08-01,잠실,0,18:00,0.3,0,0,0,0,0,0.3
2020-08-02,잠실,1,17:00,2.9,0,12.2,3.2,0.9,0.1,18.3
2020-08-03,잠실,1,18:30,0,0,0,0,6.2,21.6,0
2020-08-04,잠실,0,18:30,0,0,0,0.5,0,,0.5
2020-08-05,잠실,0,18:30,0,0,0,2,0,0,2
2020-08-06,잠실,0,18:30,0,0,0,0,0,0,0
2020-08-07,잠실,0,18:30,0,0,0,0,0,0,0
2020-08-08,잠실,0,18:00,0,0,0,0,0,0,0
2020-08-09,잠실,1,17:00,7.8,8.9,0.1,1.8,0.1,1.1,18.6
2020-08-10,잠실,1,18:30,0,0.8,28.6,0.2,0.2,0,29.8
2020-08-11,잠실,0,18:30,0,0,0,0,0,0,0
2020-08-12,잠실,0,18:30,0,0,0,0,0,0,0
2020-08-13,잠실,0,18:30,0,0,0,0,0,0,0
2020-08-14,잠실,0,18:30,0,0,0,0,0,0,0
2020-08-15,잠실,0,17:00,0,0,0,0,0,0,0
2020-08-16,잠실,0,17:00,0,0,0,0,0,0,0
2020-08-18,잠실,0,18:30,0,0,0,0,0,0,0
2020-08-19,잠실,0,18:30,0,0,0,0,0,0,0
2020-08-20,잠실,0,18:30,0,0,0,0,0,0,0
2020-08-21,잠실,0,18:30,0,0,0,0,0,0,0
2020-08-22,잠실,1,18:00,2.7,5.1,0.5,7.5,3.8,0,15.8
2020-08-23,잠실,0,17:00,0,0,0,0,0,0,0
2020-08-24,잠실,0,18:30,0,0,0,0,0,0,0
2020-08-25,잠실,0,18:30,0,0,0,0,0,0,0
2020-08-26,잠실,0,18:30,0,0,0,0,0,0,0
2020-08-27,잠실,0,18:30,0,0,0,0,0,0,0
2020-08-28,잠실,0,18:30,5.8,0,0,0,0,0,5.8
2020-08-29,잠실,0,18:00,0,0,0,0,0.9,0,0
2020-08-30,잠실,0,17:00,0,0,0,0,0,0,0
2020-09-01,잠실,0,18:30,0,0,0,0,0,0,0
2020-09-02,잠실,1,18:30,0.1,0.5,2.2,13.2,8.6,0.6,16
2020-09-03,잠실,0,18:30,0,0,0,0,0,0,0
2020-09-04,잠실,0,18:30,0,0,0,0,0,0,0
2020-09-05,잠실,0,17:00,0,0,0,0,0,0,0
2020-09-06,잠실,0,14:00,0,0,0,0,0,0,0
2020-09-08,잠실,0,18:30,0,0,0,0,0,0,0
2020-09-09,잠실,0,18:30,1.1,0,0,0,0,0,1.1
2020-09-10,잠실,0,18:30,0,0,0,0,0,0,0
2020-09-11,잠실,0,18:30,0,0,0,0.2,0,0,0
2020-09-12,잠실,0,17:00,0,0,0.3,0.3,0.2,0,0.6
2020-09-13,잠실,0,14:00,0,0,0,0,0,0,0
2020-09-15,잠실,0,18:30,0,0,0,0,0,0,0
2020-09-16,잠실,0,18:30,0,0.2,0,0,0,0,0.2
2020-09-17,잠실,0,18:30,0,0,0,0,0,0,0
2020-09-18,잠실,0,18:30,0,0,0,0,0,0,0
2020-09-19,잠실,0,17:00,0,0,0,0,0,0,0
2020-09-20,잠실,0,14:00,0,0,0,0,0,0,0
2020-09-22,잠실,0,18:30,0,0,0,0,0,0,0
2020-09-23,잠실,0,18:30,0,0,0,0,0,0,0
2020-09-24,잠실,0,18:30,0,0,0,0,0,0,0
2020-09-25,잠실,0,18:30,0,0,0,0,0,0,0
2020-09-26,잠실,0,17:00,0,0,0,0,0,0,0
2020-09-27,잠실,0,14:00,0,0,0,0,0,0,0
2020-09-27,잠실,0,17:00,0,0,0,0,0,0,0
2020-09-29,잠실,0,18:30,0,0,0,0,0,0,0
2020-09-30,잠실,0,14:00,0,0,0,0,0,0,0
2020-10-01,잠실,0,14:00,0,0,0,0,0,0,0
2020-10-02,잠실,0,14:00,0,0,0,0,0,0,0
2020-10-03,잠실,0,14:00,0,0,0,0,0,0,0
2020-10-04,잠실,0,14:00,0,0,0,0,0,0,0
2020-10-06,잠실,0,18:30,0,0,0,0,0,0,0
2020-10-07,잠실,0,18:30,0,0,0,0,0,0,0
2020-10-08,잠실,0,18:30,0,0,0,0,0,0,0
2020-10-09,잠실,0,17:00,0,0,0,0,0,0,0
2020-10-10,잠실,0,14:00,0,0,0,0,0,0,0
2020-10-10,잠실,0,17:00,0,0,0,0,0,0,0
2020-10-11,잠실,0,14:00,0,0,0,0,0,0,0
2020-10-13,잠실,0,18:30,0,0,0,0,0,0,0
2020-10-14,잠실,0,18:30,0,0,0,0,0,0,0
2020-10-15,잠실,0,18:30,0,0,0,0,0,0,0
2020-10-16,잠실,0,18:30,0,0,0,0,0,0,0
2020-10-17,잠실,0,17:00,0,0,0,0,0,0,0
2020-10-18,잠실,0,14:00,0,0,0,0,0,0,0
2020-10-22,잠실,0,18:30,0,0,0,0,0,0,0
2020-10-23,잠실,0,18:30,0,0,0,0,0,0,0
2020-10-24,잠실,0,17:00,0,0,0,0,0,0,0
2020-10-27,잠실,0,18:30,0,0,0,0,0,0,0
2020-10-28,잠실,0,18:30,0,0,0,0,0,0,0
2020-10-30,잠실,0,18:30,0,0,0,0,0,0,0
2021-04-03,잠실,1,18:30,4.7,4.5,3,4,4.4,1.1,16.2
2021-04-04,잠실,0,18:30,0,0,0,0,0,0,0
2021-04-06,잠실,0,18:30,0,0,0,0,0,0,0
2021-04-07,잠실,0,18:30,0,0,0,0,0,0,0
2021-04-08,잠실,0,18:30,0,0,0,0,0,0,0
2021-04-09,잠실,0,18:30,0,0,0,0,0,0,0
2021-04-10,잠실,0,14:00,0,0,0,0,0,0,0
2021-04-11,잠실,0,14:00,0,0,0,0,0,0,0
2021-04-13,잠실,0,18:30,0,0,0,0,0,0,0
2021-04-14,잠실,0,18:30,0,0,0,0,0,0,0
2021-04-15,잠실,0,18:30,0,0,0,0,0,0,0
2021-04-16,잠실,0,18:30,0,0,0,0,0,0,0
2021-04-17,잠실,0,17:00,0,0,0,0,0,0,0
2021-04-18,잠실,0,14:00,0,0,0,0,0,0,0
2021-04-20,잠실,0,18:30,0,0,0,0,0,0,0
2021-04-21,잠실,0,18:30,0,0,0,0,0,0,0
2021-04-22,잠실,0,18:30,0,0,0,0,0,0,0
2021-04-23,잠실,0,18:30,0,0,0,0,0,0,0
2021-04-24,잠실,0,17:00,0,0,0,0,0,0,0
2021-04-25,잠실,0,14:00,0,0,0,0,0,0,0
2021-04-27,잠실,0,18:30,0,0,0,0,0,0,0
2021-04-28,잠실,0,18:30,0,0,0,0,0,0,0
2021-04-29,잠실,0,18:30,0,0,0,0,0,0,0
2021-04-30,잠실,0,18:30,0,0,0,0,0,0,0
2021-05-01,잠실,0,17:00,1.4,4.5,0.8,0.3,0,0,7
2021-05-02,잠실,0,14:00,0,0,0,0,0,0,0
2021-05-05,잠실,0,14:00,0,0,0,0,0,0,0
2021-05-06,잠실,0,18:30,0,0,0,0,0,0,0
2021-05-08,잠실,0,17:00,0,0,0,0,0,0,0
2021-05-09,잠실,0,14:00,0,0,0,0,0,0,0
2021-05-09,잠실,0,17:00,0,0,0,0,0,0,0
2021-05-11,잠실,0,18:30,0,0,0,0,0,0,0
2021-05-12,잠실,0,18:30,0,0,0,0,0,0,0
2021-05-13,잠실,0,18:30,0,0,0,0,0,0,0
2021-05-14,잠실,0,18:30,0,0,0,0,0,0,0
2021-05-15,잠실,0,17:00,0,0,0,0,0,0,0
2021-05-16,잠실,1,14:00,2.5,3.7,3.5,0.8,1.4,4.8,10.5
2021-05-17,잠실,0,18:30,0.3,0.3,0,0,0,0,0.6
2021-05-18,잠실,0,18:30,0,0,0,0,0,0,0
2021-05-19,잠실,0,14:00,0,0,0,0,0,0,0
2021-05-20,잠실,0,18:30,0,0,0,0,0,0.1,0
2021-05-21,잠실,0,18:30,2,0,0,0,0,0,2
2021-05-22,잠실,0,17:00,0,0,0,0,0,0,0
2021-05-23,잠실,0,14:00,0,0,0,0,0,0,0
2021-05-26,잠실,0,18:30,0,0,0,0,0,0,0
2021-05-27,잠실,0,18:30,0,0,0,0,0,0,0
2021-05-28,잠실,0,18:30,0,0,0,0,0,0,0
2021-05-29,잠실,0,17:00,0,0.2,0,0.1,0,0,0.3
2021-05-30,잠실,0,14:00,0,0,0,0,0,0,0
2021-06-01,잠실,0,18:30,0,0,0,0,0,0,0
2021-06-02,잠실,0,18:30,0,0,0,0,0,0,0
2021-06-03,잠실,1,18:30,1.7,1.8,3.3,1.2,1.2,1.5,8
2021-06-04,잠실,0,18:30,0,0,0,0,0,0,0
2021-06-05,잠실,0,17:00,0,0,0,0,0,0,0
2021-06-06,잠실,0,17:00,0,0,0,0,0,0,0
2021-06-08,잠실,0,18:30,0,0,0,0,0,0,0
2021-06-09,잠실,0,18:30,0,0,0,0,0,0,0
2021-06-10,잠실,0,18:30,0,0,0,0,0,0.5,0
2021-06-11,잠실,0,18:30,0,0,0,0,0,0,0
2021-06-12,잠실,0,17:00,0,0,0,0,0,0,0
2021-06-13,잠실,0,17:00,0,0,0,0,0,0,0
2021-06-15,잠실,0,18:30,0,0,0,0,0,0,0
2021-06-16,잠실,0,18:30,0,0,0,0,0,0,0
2021-06-17,잠실,0,18:30,0,0,0,0,0,0,0
2021-06-18,잠실,0,18:30,0,0,0,0,0,0,0
2021-06-19,잠실,0,17:00,0,0,0,0,0,0,0
2021-06-20,잠실,0,17:00,0,0,0,0,0,0,0
2021-06-22,잠실,0,18:30,0,0,0,0,0,0,0
2021-06-23,잠실,0,18:30,0,7.4,0.1,0,0,0,7.5
2021-06-24,잠실,0,18:30,0,0,0,0,0,0,0
2021-06-25,잠실,0,18:30,0,0,0,0,0,0,0
2021-06-26,잠실,0,17:00,0.1,0,0,0,0,0,0.1
2021-06-27,잠실,0,17:00,0,0,0,0,0,0,0
2021-06-30,잠실,1,15:00,0,6,0,0,,0,6
2021-06-30,잠실,0,18:30,0,0,0,0,0,0,0
2021-07-01,잠실,0,18:30,0,0,0,0,0,0,0
2021-07-02,잠실,0,18:30,0,0,0,0,0,0,0
2021-07-03,잠실,1,18:00,0,1.4,4.3,13.6,10.6,6.4,19.3
2021-07-04,잠실,0,17:00,0.8,0,0.3,0,0,0,1.1
2021-07-05,잠실,0,18:30,0,0,0,0,0,0,0
2021-07-06,잠실,0,18:30,0,0,0,0,0,0,0
2021-07-07,잠실,0,18:30,0,0,0,0,0,0,0
2021-08-10,잠실,0,18:30,0,0,0,0,0,0,0
2021-08-11,잠실,0,18:30,0,0,0,0,0,0,0
2021-08-12,잠실,0,18:30,0,0,0,0,0,0,0
2021-08-13,잠실,0,18:30,0,0,0,0,0,0,0
2021-08-14,잠실,0,18:00,0,0,0,0,0,0,0
2021-08-15,잠실,0,17:00,0,0,0,0,0,0,0
2021-08-17,잠실,1,18:30,0,0,0,0,0,0,0
2021-08-18,잠실,0,18:30,0,0,0,0,0,0,0
2021-08-19,잠실,0,18:30,0,0,0,0,0.3,2.8,0
2021-08-20,잠실,0,18:30,0,0,0,0,0,0,0
2021-08-21,잠실,0,18:00,0,0,0,0.8,1.3,0,0.8
2021-08-22,잠실,0,17:00,0,0,0,0,0,0,0
2021-08-23,잠실,1,18:30,0.9,1,0.8,0.3,1.3,1.1,3
2021-08-24,잠실,0,18:30,0,0.2,1.2,1.2,0.5,0,3.1
2021-08-25,잠실,0,18:30,0,0,0,0,0,0,0
2021-08-26,잠실,0,18:30,0,0.7,0,0,0,0,0
2021-08-27,잠실,0,18:30,0.5,0,0,0,0,0,0.5
2021-08-28,잠실,0,18:00,0,0,0,0,0,0,0
2021-08-29,잠실,0,17:00,0,0,0,0,0,0,0
2021-08-31,잠실,1,18:30,11.6,10,6.8,7.1,3.8,1.6,35.5
2021-09-01,잠실,0,15:00,0,0,0,0,0,0,0
2021-09-01,잠실,0,18:30,0,0,0,0,0,0,0
2021-09-02,잠실,0,18:30,0,0,0,0,0,0,0
2021-09-03,잠실,0,18:30,0,0,0,0,0,0,0
2021-09-04,잠실,0,17:00,0,0,0,0,0,0,0
2021-09-05,잠실,0,14:00,0,0,0,0,0,0,0
2021-09-07,잠실,0,18:30,0.3,0.2,0,0,1.3,1,1.8
2021-09-08,잠실,0,18:30,0,0,0,0,0,0,0
2021-09-09,잠실,0,18:30,0,0,0,0,0,0,0
2021-09-10,잠실,0,18:30,0,0,0,0,0,0,0
2021-09-11,잠실,0,17:00,0,0,0,0,0,0,0
2021-09-12,잠실,0,14:00,0,0,0,0,0,0,0
2021-09-12,잠실,0,17:00,0,0,0,0,0,0,0
2021-09-14,잠실,0,18:30,0,0,0,0,0,0,0
2021-09-15,잠실,0,18:30,0,0,0,0,0,0,0
2021-09-16,잠실,0,18:30,0,0,0,0,0,0,0
2021-09-17,잠실,0,18:30,0,0,0,0,0,0,0
2021-09-18,잠실,0,17:00,0,0,0,0,0,0,0
2021-09-19,잠실,0,14:00,0,0,0,0,0,0,0
2021-09-21,잠실,0,14:00,1,0,0,0,0,0,1
2021-09-22,잠실,0,14:00,0,0,0,0,0,0,0
2021-09-23,잠실,0,18:30,0,0,0,0,0,0,0
2021-09-24,잠실,0,18:30,0,0,0,0,0,0,0
2021-09-25,잠실,0,17:00,0,0,0,0,0,0,0
2021-09-26,잠실,0,14:00,0,0,0,0,0,0,0
2021-09-28,잠실,0,18:30,0,0,0,0,0,0,0
2021-09-29,잠실,0,18:30,0,0,0.1,0.1,0,0,0.2
2021-09-30,잠실,0,18:30,0,0,0,0,0,0,0
2021-10-01,잠실,0,18:30,0,0,0,0,0,0,0
2021-10-02,잠실,0,17:00,0,0,0,0,0,0,0
2021-10-03,잠실,0,14:00,0,0,0,0,0,0,0
2021-10-05,잠실,0,18:30,0,0,0,0,0,0,0
2021-10-06,잠실,0,15:00,0,0,0,0,0,0,0
2021-10-06,잠실,0,18:30,0,0,0,0,0,0,0
2021-10-07,잠실,0,18:30,0,0,0,0,0,0,0
2021-10-08,잠실,0,18:30,0.6,0.2,0.4,0.1,0,0,1.3
2021-10-09,잠실,0,17:00,0,0,0,0,0,0,0
2021-10-10,잠실,1,14:00,1.9,3.9,2.7,1.7,0.1,0,10.2
2021-10-11,잠실,0,14:00,0,0,0,0,0,0,0
2021-10-12,잠실,0,18:30,0,0,0,0,0,0,0
2021-10-13,잠실,0,18:30,0,0,0,0,0,0,0
2021-10-14,잠실,0,18:30,0,0,0,0,0,0,0
2021-10-15,잠실,0,18:30,0,0,0,0,0,0,0
2021-10-16,잠실,0,17:00,0,0,0,0,0,0,0
2021-10-17,잠실,0,14:00,0,0,0,0,0,0,0
2021-10-17,잠실,0,17:00,0,0,0,0,0,0,0
2021-10-19,잠실,0,18:30,0,0,0,0,0,0,0
2021-10-20,잠실,0,18:30,0,0,0,0,0,0,0
2021-10-21,잠실,0,18:30,0,0,0,0,0,0,0
2021-10-23,잠실,0,17:00,0,0,0,0,0,0,0
2021-10-24,잠실,0,14:00,0,0,0,0,0,0,0
2021-10-24,잠실,0,17:00,0,0,0,0,0,0,0
2021-10-25,잠실,0,14:00,0,0,0,0,0,0,0
2021-10-26,잠실,0,18:30,0,0,0,0,0,0,0
2022-04-02,잠실,0,14:00,0,0,0,0,0,0,0
2022-04-03,잠실,0,14:00,0,0,0,0,0,0,0
2022-04-05,잠실,0,18:30,0,0,0,0,0,0,0
2022-04-06,잠실,0,18:30,0,0,0,0,0,0,0
2022-04-07,잠실,0,18:30,0,0,0,0,0,0,0
2022-04-08,잠실,0,18:30,0,0,0,0,0,0,0
2022-04-09,잠실,0,17:00,0,0,0,0,0,0,0
2022-04-10,잠실,0,14:00,0,0,0,0,0,0,0
2022-04-12,잠실,0,18:30,0,0,0,0,0,0,0
2022-04-13,잠실,0,18:30,0,0,0,0,0,0,0
2022-04-14,잠실,0,18:30,0,0,0,0,0,0,0
2022-04-15,잠실,0,18:30,0,0,0,0,0,0,0
2022-04-16,잠실,0,17:00,0,0,0,0,0,0,0
2022-04-17,잠실,0,14:00,0,0,0,0,0,0,0
2022-04-19,잠실,0,18:30,0,0,0,0,0,0,0
2022-04-20,잠실,0,18:30,0,0,0,0,0,0,0
2022-04-21,잠실,0,18:30,0,0,0,0,0,0,0
2022-04-22,잠실,0,18:30,0,0,0,0,0,0,0
2022-04-23,잠실,0,17:00,0,0,0,0,0,0,0
2022-04-24,잠실,0,14:00,0,0,0,0,0,0,0
2022-04-26,잠실,0,18:30,0,0,0,0,0,0,0
2022-04-27,잠실,0,18:30,0,0,0,0,0,0,0
2022-04-28,잠실,0,18:30,0,0,0,0,0,0,0
2022-04-29,잠실,0,18:30,0,0,0,0,0,0,0
2022-04-30,잠실,0,17:00,0,0,0,0,0,0,0
2022-05-01,잠실,0,14:00,0,0,0,0,0,0,0
2022-05-03,잠실,0,18:30,0,0,0,0,0,0,0
2022-05-04,잠실,0,18:30,0,0,0,0,0,0,0
2022-05-05,잠실,0,14:00,0,0,0,0,0,0,0
2022-05-06,잠실,0,18:30,0,0,0,0,0,0,0
2022-05-07,잠실,0,17:00,0,0,0,0,0,0,0
2022-05-08,잠실,0,14:00,0,0,0,0,0,0,0
2022-05-10,잠실,0,18:30,0,0,0,0,0,0,0
2022-05-11,잠실,0,18:30,0,0,0,0,0,0,0
2022-05-12,잠실,0,18:30,0,0,0,0,0,0,0
2022-05-13,잠실,0,18:30,0,0,0,0,0,0,0
2022-05-14,잠실,0,17:00,0,0,0,0,0,0,0
2022-05-15,잠실,0,14:00,0,0,0,0,0,0,0
2022-05-17,잠실,0,18:30,0,0,0,0,0,0,0
2022-05-18,잠실,0,18:30,0,0,0,0,0,0,0
2022-05-19,잠실,0,18:30,0,0,0,0,0,0,0
2022-05-20,잠실,0,18:30,0,0,0,0,0,0,0
2022-05-21,잠실,0,14:00,0,0,0,0,0,0,0
2022-05-22,잠실,0,14:00,0,0,0,0,0,0,0
2022-05-24,잠실,0,18:30,0,0,0,0,0,0,0
2022-05-25,잠실,0,18:30,0,0,0,0,0,0,0
2022-05-26,잠실,0,18:30,0,0,0,0,0,0,0
2022-05-27,잠실,0,18:30,0,0,0,0,0,0,0
2022-05-28,잠실,0,17:00,0,0,0,0,0,0,0
2022-05-29,잠실,0,14:00,0,0,0,0,0,0,0
2022-05-31,잠실,0,18:30,0,0,0,0,0,0,0
2022-06-01,잠실,0,17:00,0,0,0,0,0,0,0
2022-06-02,잠실,0,18:30,0,0,0,0,0,0,0
2022-06-03,잠실,0,18:30,0,0,0,0,0,0,0
2022-06-04,잠실,0,17:00,0,0,0,0,0,0,0
2022-06-05,잠실,0,17:00,0,0,0,0,0,0,0
2022-06-07,잠실,0,18:30,0,0,0,0,0,0,0
2022-06-08,잠실,0,18:30,0,0,0,0,0,0,0
2022-06-09,잠실,0,18:30,0,0,0,0,0,0,0
2022-06-10,잠실,0,18:30,0,0,0,0,0,0,0
2022-06-11,잠실,0,17:00,0,0,0,0,0,0,0
2022-06-12,잠실,0,17:00,0,0,0,0,0,0,0
2022-06-14,잠실,0,18:30,0,0,0,0,0,0,0
2022-06-15,잠실,0,18:30,1.4,0,0,0,0,0,1.4
2022-06-16,잠실,0,18:30,0,0,0,0,0,0,0
2022-06-17,잠실,0,18:30,0,0,0,0,0,0,0
2022-06-18,잠실,0,17:00,0,0,0,0,0,0,0
2022-06-19,잠실,0,17:00,0,0,0,0,0,0,0
2022-06-21,잠실,0,18:30,0,0,0,0,0,0,0
2022-06-22,잠실,0,18:30,0,0,0,0,0,0,0
2022-06-23,잠실,1,18:30,7.8,3.1,1.9,9.8,31.4,15.3,22.6
2022-06-24,잠실,0,18:30,0,0,0,0,0,0,0
2022-06-25,잠실,0,17:00,0,0,0,0,0,0,0
2022-06-26,잠실,0,17:00,0,0,0,0,0,0,0
2022-06-28,잠실,0,18:30,0,0,0,0,0,0,0
2022-06-29,잠실,1,18:30,1.8,0.2,0.9,0.1,0.4,4.7,3
2022-06-30,잠실,1,18:30,8.2,5.8,11.5,11.8,2.2,2.7,37.3
2022-07-01,잠실,0,18:30,0,0,0,0,0,0,0
2022-07-02,잠실,0,18:00,0,0,0,0,0,0,0
2022-07-03,잠실,0,17:00,0,0,0,0,0,0,0
2022-07-05,잠실,0,18:30,0,0,0,0,0,0,0
2022-07-06,잠실,0,18:30,0,0,0,0,0,0,0
2022-07-07,잠실,0,18:30,0,0,0,0,0,0,0
2022-07-08,잠실,0,18:30,0,0,0,0,0,0,0
2022-07-09,잠실,0,18:00,0,0,0,0,0,0,0
2022-07-10,잠실,0,17:00,0,0,0,0,0,0,0
2022-07-12,잠실,0,18:30,0,0,0,0,0,0,0
2022-07-13,잠실,1,18:30,22.6,22.3,13.1,14.1,6.7,1.4,72.1
2022-07-14,잠실,0,18:30,0,0,0,0,0,0,0
2022-07-22,잠실,0,18:30,0,0,0,0,0,0,0
2022-07-23,잠실,1,18:00,0,0,0.5,0.2,0.6,2.2,0.7
2022-07-24,잠실,0,17:00,0,0,0,0,0,0,0
2022-07-26,잠실,0,18:30,0,0,0,0,0,0,0
2022-07-27,잠실,0,18:30,0,0,0,0,0,0,0
2022-07-28,잠실,0,18:30,0,0,0,0,0,0,0
2022-07-29,잠실,0,18:30,0,0,0,0,0,0,0
2022-07-30,잠실,0,18:00,0.9,0.1,0,0,0,0,1
2022-07-31,잠실,1,17:00,5.4,3,1.7,0.4,0.4,0.3,10.5
2022-08-02,잠실,1,18:30,0.7,2.3,0.5,5,0.6,0,8.5
2022-08-03,잠실,0,18:30,0,0,0,0,0,0,0
2022-08-04,잠실,0,18:30,0,0,0,0,0,0,0
2022-08-05,잠실,0,18:30,0,0,0,0,0,0,0
2022-08-06,잠실,0,18:00,0,2.2,0,0,0,0,2.2
2022-08-07,잠실,0,17:00,0,0,0,0,0,0,0
2022-08-10,잠실,0,18:30,0,0,0,0,0,0,0
2022-08-11,잠실,0,18:30,0,0,0,0,0,0,0
2022-08-12,잠실,0,18:30,0,0,0,0,0,0,0
2022-08-13,잠실,0,18:00,0.7,0,0,3,0.7,0,3.7
2022-08-14,잠실,0,17:00,0,0,0,0,0,0,0
2022-08-16,잠실,0,18:30,0,0,0,0,0,0,0
2022-08-17,잠실,0,18:30,0,0,0,0,0,0,0
2022-08-18,잠실,0,18:30,0,0,0,0,0,0,0
2022-08-19,잠실,1,18:30,0,18.8,40.7,3.1,0,2.5,62.6
2022-08-20,잠실,0,18:00,0,0,0,0,0,0,0
2022-08-21,잠실,0,17:00,0,0,0,0,0,0,0
2022-08-23,잠실,0,18:30,0,0,0,0,0,0,0
2022-08-24,잠실,0,18:30,0,0,0,0,0,0,0
2022-08-25,잠실,0,18:30,0.1,0,0,0,0,0,0.1
2022-08-26,잠실,0,18:30,0,0,0,0,0,0,0
2022-08-27,잠실,0,18:00,0,0,0,0,0,0,0
2022-08-28,잠실,0,17:00,0,0,0,0,0,0,0
2022-08-30,잠실,1,18:30,1,0.9,2,0.6,1.6,1.3,4.5
2022-08-31,잠실,0,18:30,0,0,0,0,0,0,0
2022-09-01,잠실,0,18:30,0,0,0,0,0,0,0
2022-09-02,잠실,0,18:30,0,0,0,0,0,0,0
2022-09-03,잠실,0,17:00,0,0,0,0,0,0,0
2022-09-04,잠실,1,14:00,0.8,0,4.4,2.3,0,0,7.5
2022-09-06,잠실,0,18:30,0,0,0,0,0,0,0
2022-09-07,잠실,0,18:30,0,0,0,0,0,0,0
2022-09-08,잠실,0,18:30,0,0,0,0,0,0,0
2022-09-09,잠실,0,14:00,0,0,0,0,0,0,0
2022-09-10,잠실,0,14:00,0,0,0,0,0,0,0
2022-09-11,잠실,0,14:00,0,0,0,0,0,0,0
2022-09-13,잠실,0,18:30,0,0,0,0,0,0,0
2022-09-14,잠실,0,18:30,0,0,0,0,0,0,0
2022-09-15,잠실,0,18:30,0,0,0,0,0,0,0
2022-09-16,잠실,1,18:30,0,0,8,0,0,0,8
2022-09-17,잠실,0,17:00,0,0,0,0,0,0,0
2022-09-18,잠실,0,14:00,0,0,0,0,0,0,0
2022-09-20,잠실,0,18:30,0,0,0,0,0,0,0
2022-09-21,잠실,0,18:30,0,0,0,0,0,0,0
2022-09-22,잠실,0,18:30,0,0,0,0,0,0,0
2022-09-23,잠실,0,18:30,0,0,0,0,0,0,0
2022-09-24,잠실,0,17:00,0,0,0,0,0,0,0
2022-09-25,잠실,0,14:00,0,0,0,0,0,0,0
2022-09-29,잠실,0,18:30,0,0,0,0,0,0,0
2022-09-30,잠실,0,18:30,0,0,0,0,0,0,0
2022-10-01,잠실,0,17:00,0,0,0,0,0,0,0
2022-10-02,잠실,0,14:00,0,0,0,0,0,0,0
2022-10-03,잠실,1,14:00,1.5,10.9,2.5,2,1.9,0.5,16.9
2022-10-04,잠실,0,18:30,0,0,0,0,0,0,0
2022-10-05,잠실,0,18:30,0,0,0,0,0,0,0
2022-10-06,잠실,0,18:30,0,0,0,0,0,0,0
2022-10-07,잠실,0,18:30,0,0,0,0,0,0,0
2022-10-08,잠실,0,17:00,0,0,0,0,0,0,0
2022-10-09,잠실,1,14:00,0.3,1.3,1.6,2.3,2.9,2.8,5.5
2022-10-11,잠실,0,14:00,0,0,0,0,0,0,0
2023-04-01,잠실,0,14:00,0,0,0,0,0,0,0
2023-04-02,잠실,0,14:00,0,0,0,0,0,0,0
2023-04-04,잠실,0,18:30,0,0,0,0,0,0,0
2023-04-05,잠실,0,18:30,0,0,0.3,0,0,0,0.3
2023-04-06,잠실,0,18:30,0,0,0,0.1,0,0,0.1
2023-04-07,잠실,0,18:30,0,0,0,0,0,0,0
2023-04-08,잠실,0,17:00,0,0,0,0,0,0,0
2023-04-09,잠실,0,14:00,0,0,0,0,0,0,0
2023-04-11,잠실,0,18:30,0,0,0,0,0,0,0
2023-04-13,잠실,0,18:30,0,0,0,0,0,0,0
2023-04-14,잠실,0,18:30,0,0,0,0,0,0,0
2023-04-15,잠실,0,17:00,0,0,0,0,0,0,0
2023-04-16,잠실,0,14:00,0,0,0,0,0,0,0
2023-04-18,잠실,0,18:30,0,0,0,0,0,0,0
2023-04-19,잠실,0,18:30,0,0,0,0,0,0,0
2023-04-20,잠실,0,18:30,0,0,0,0,0,0,0
2023-04-21,잠실,0,18:30,0,0,0,0,0,0,0
2023-04-22,잠실,0,17:00,0,0,0,0,0,0,0
2023-04-23,잠실,0,14:00,0,0,0,0,0,0,0
2023-04-25,잠실,0,18:30,0,0,0,0,0,0,0
2023-04-26,잠실,0,18:30,0,0,0,0,0,0,0
2023-04-27,잠실,0,18:30,0,0,0,0,0,0,0
2023-04-28,잠실,0,18:30,0,0,0,0,0,0,0
2023-04-29,잠실,0,17:00,0,0,0,0,0,0,0
2023-04-30,잠실,0,14:00,0,0,0,0,0,0,0
2023-05-02,잠실,0,18:30,0,0,0,0,0,0,0
2023-05-03,잠실,0,18:30,0,0,0,0,0,0,0
2023-05-04,잠실,0,18:30,0,0,0,0,0,0,0
2023-05-05,잠실,1,14:00,3,0,0,0.3,1.5,7.5,3.3
2023-05-06,잠실,1,14:00,3.2,3.7,1.8,0.7,1.3,0,9.4
2023-05-07,잠실,0,14:00,0,0,0,0,0,0,0
2023-05-09,잠실,0,18:30,0,0,0,0,0,0,0
2023-05-10,잠실,0,18:30,0,0,0,0,0,0,0
2023-05-11,잠실,0,18:30,0,0,0,0,0,0,0
2023-05-12,잠실,0,18:30,0,0,0,0,0,0,0
2023-05-13,잠실,0,17:00,0,0,0,0,0,0,0
2023-05-14,잠실,0,14:00,0,0,0,0,0,0,0
2023-05-16,잠실,0,18:30,0,0,0,0,0,0,0
2023-05-17,잠실,0,18:30,0,0,0,0,0,0,0
2023-05-18,잠실,0,18:30,0,0,0,0,0,0,0
2023-05-19,잠실,0,18:30,0,0,0,0,0,0,0
2023-05-20,잠실,0,17:00,0,0,0,0,0,0,0
2023-05-21,잠실,0,14:00,0,0,0,0,0,0,0
2023-05-23,잠실,0,18:30,0,0,0,0,0,0,0
2023-05-24,잠실,0,18:30,0,0,0,0,0,0,0
2023-05-25,잠실,0,18:30,0,0,0,0,0,0,0
2023-05-26,잠실,0,18:30,0,0,0,0,0,0,0
2023-05-27,잠실,1,14:00,0.1,3,2.3,2.7,2,0.6,8.1
2023-05-28,잠실,1,14:00,2,1.6,1.8,1,1.3,3.5,6.4
2023-05-30,잠실,0,18:30,0,0,0,0,0,0,0
2023-05-31,잠실,0,18:30,0,0,0,0,0,0,0
2023-06-01,잠실,0,18:30,0,0,0,0,0,0,0
2023-06-02,잠실,0,18:30,0,0,0,0,0,0,0
2023-06-03,잠실,0,17:00,0,0,0,0,0,0,0
2023-06-04,잠실,0,17:00,0,0,0,0,0,0,0
2023-06-06,잠실,0,14:00,0,0,0,0,0,0,0
2023-06-07,잠실,0,18:30,0,0,0,0,0,0,0
2023-06-08,잠실,0,18:30,0.1,0,0,0,0,0,0.1
2023-06-09,잠실,0,18:30,0,0,0,0,0,0,0
2023-06-10,잠실,0,17:00,0,0,0,0,0,0,0
2023-06-11,잠실,0,17:00,0,0,0,0,0,0,0
2023-06-13,잠실,0,18:30,0,0,0,0,0,0,0
2023-06-14,잠실,0,18:30,30.2,0,0,0,0,0,30.2
2023-06-15,잠실,0,18:30,0,0,0,0,0,0,0
2023-06-16,잠실,0,18:30,0,0,0,0,0,0,0
2023-06-17,잠실,0,17:00,0,0,0,0,0,0,0
2023-06-18,잠실,0,17:00,0,0,0,0,0,0,0
2023-06-20,잠실,0,18:30,0,0,0,0,0,0,0
2023-06-21,잠실,0,18:30,0.3,0,0,0,0,0,0.3
2023-06-22,잠실,0,18:30,0,0,0,0,0,0,0
2023-06-23,잠실,0,18:30,0,0,0,0,0,0,0
2023-06-24,잠실,0,17:00,0,0,0,0,0,0,0
2023-06-25,잠실,0,17:00,0,0,0,0,0,0,0
2023-06-27,잠실,0,18:30,0,0,0,0,0,0,0
2023-06-28,잠실,0,18:30,0,0,0,0,0,0,0
2023-06-29,잠실,1,18:30,3.2,9.8,0.2,0.2,1,1,13.4
2023-06-30,잠실,0,18:30,0,0,0,0,0,0,0
2023-07-01,잠실,0,18:00,0,0,0,0,0,0,0
2023-07-02,잠실,0,17:00,0,0,0,0,0,0,0
2023-07-04,잠실,1,18:30,3.2,7,2.3,0.2,7.2,24.5,12.7
2023-07-05,잠실,0,18:30,0,0,0,0,0,0,0
2023-07-06,잠실,0,18:30,0,0,0,0,0,0,0
2023-07-07,잠실,0,18:30,0,0,0,0,0,0,0
2023-07-08,잠실,0,18:00,0,0,0,0,0,0,0
2023-07-09,잠실,0,17:00,2.8,0,0,0,0,0,2.8
2023-07-11,잠실,1,18:30,2.9,12.7,11,7.1,2,0.2,29.7
2023-07-12,잠실,0,18:30,0,0,0,0,0,0,0
2023-07-13,잠실,1,18:30,34.7,8.3,0.9,3.8,5.6,0,46.7
2023-07-21,잠실,0,18:30,0,0,0,0,0,0,0
2023-07-22,잠실,1,18:00,0,0,0,0.4,9,1.3,0.4
2023-07-23,잠실,0,17:00,0.5,0,0,0,0,0,0.5
2023-07-25,잠실,0,18:30,0,0,0,0,0,0,0
2023-07-26,잠실,0,18:30,0,0,0,0,0,0,0
2023-07-27,잠실,0,18:30,0,0,0,0,0,0,0
2023-07-28,잠실,0,18:30,0,0,0,0,0,0,0
2023-07-29,잠실,0,18:00,0,0,0,0,0,0,0
2023-07-30,잠실,0,17:00,0,0,0,0,0,0,0
2023-08-01,잠실,0,18:30,0,0,0,0,0,0,0
2023-08-02,잠실,0,18:30,0,0,0,0,0,0,0
2023-08-03,잠실,0,18:30,0,0,0,0,0,0,0
2023-08-04,잠실,0,18:30,0,0,0,0,0,0,0
2023-08-05,잠실,0,18:00,0,0,0,0,0,0,0
2023-08-06,잠실,0,17:00,0,0,0,0,0,0,0
2023-08-08,잠실,0,18:30,0,0,0,0,0,0,0
2023-08-09,잠실,0,18:30,0,0,0,0,0,0,0
2023-08-10,잠실,1,18:30,11.9,4.1,12.7,10.2,7.7,1.8,38.9
2023-08-11,잠실,0,18:30,1.2,1.7,0,0,0,0,2.9
2023-08-12,잠실,0,18:00,0.3,0,0,0,0,0,0.3
2023-08-13,잠실,0,17:00,0,0,0,0,0,0,0
2023-08-15,잠실,0,17:00,0,0,0,0,0,0,0
2023-08-16,잠실,0,18:30,0,0,0,0.3,0,0,0.3
2023-08-17,잠실,0,18:30,0,0,0,0,0,0,0
2023-08-18,잠실,0,18:30,0,0,0,0,0,0,0
2023-08-19,잠실,0,18:00,0,0,0,0,0,0,0
2023-08-20,잠실,0,17:00,0,0,0,0,0,0,0
2023-08-22,잠실,1,18:30,0,0.3,0.4,27.6,5.6,0,28.3
2023-08-23,잠실,1,18:30,9.1,3.3,1.9,0.1,0.2,0.5,14.4
2023-08-24,잠실,0,18:30,0,0,0,0,0,0,0
2023-08-25,잠실,0,18:30,0,0,0,0,0,0,0
2023-08-26,잠실,0,18:00,0,0,0,0,0,0,0
2023-08-27,잠실,0,14:00,0,0,0,0,0,0,0
2023-08-29,잠실,0,18:30,0.2,0,0.1,0.1,0,0,0.4
2023-08-30,잠실,1,18:30,0,0,1.9,0.9,0.2,0,2.8
2023-08-31,잠실,0,18:30,0,0,0,0,0,0,0
2023-09-01,잠실,0,18:30,0,0,0,0,0,0,0
2023-09-02,잠실,0,14:00,0,0,0,0,0,0,0
2023-09-03,잠실,0,17:00,0,0,0,0,0,0,0
2023-09-05,잠실,0,18:30,0,0,0,0,0,0,0
2023-09-06,잠실,0,18:30,0,0,0,0,0,0,0
2023-09-07,잠실,0,18:30,0,0,0,0,0,0,0
2023-09-08,잠실,0,18:30,0,0,0,0,0,0,0
2023-09-09,잠실,0,14:00,0,0,0,0,0,0,0
2023-09-09,잠실,0,17:00,0,0,0,0,0,0,0
2023-09-10,잠실,0,14:00,0,0,0,0,0,0,0
2023-09-12,잠실,0,18:30,0,0,0,0,0,0,0
2023-09-13,잠실,1,18:30,2.2,2.3,2.8,1.5,1.8,1,8.8
2023-09-14,잠실,0,18:30,0,0,0,0,0,0,0
2023-09-17,잠실,0,14:00,0,0,0,0,0,0,0
2023-09-17,잠실,0,17:00,0,0,0,0,0,0,0
2023-09-19,잠실,0,18:30,0,0,0,0,0,0,0
2023-09-20,잠실,1,18:30,3.8,6.8,7.9,2.5,0.5,0,21
2023-09-22,잠실,0,18:30,0,0,0,0,0,0,0
2023-09-23,잠실,0,17:00,0,0,0,0,0,0,0
2023-09-24,잠실,0,14:00,0,0,0,0,0,0,0
2023-09-26,잠실,1,18:30,0.8,2.7,1.5,0.9,0.4,0.3,5.9
2023-09-27,잠실,0,15:00,0.1,0,0,0,0,0,0.1
2023-09-27,잠실,0,18:30,0,0,0,0,0,0,0
2023-09-28,잠실,0,17:00,0,0,0,0,0,0,0
2023-09-29,잠실,0,14:00,0,0,0,0,0,0,0
2023-09-30,잠실,0,14:00,0,0,0,0.3,3.9,0,0.3
2023-10-01,잠실,0,14:00,0,0,0,0,0,0,0
2023-10-02,잠실,0,14:00,0,0,0,0,0,0,0
2023-10-03,잠실,0,14:00,0,0,0,0,0,0,0
2023-10-06,잠실,0,18:30,0,0,0,0,0,0,0
2023-10-07,잠실,0,17:00,0,0,0,0,0,0,0
2023-10-08,잠실,0,14:00,0,0,0,0,0,0,0
2023-10-09,잠실,0,14:00,0,0,0,0,0,0,0
2023-10-10,잠실,0,18:30,0,0,0,0,0,0,0
2023-10-12,잠실,0,18:30,0,0,0,0,0,0,0
2023-10-13,잠실,0,18:30,0,0,0,0,0,0,0
2023-10-14,잠실,0,17:00,0.7,0,0,0,0,0,0.7
2023-10-15,잠실,0,14:00,0,0,0,0,0,0,0
2023-10-16,잠실,0,18:30,0,0,0,0,0,0,0
2024-03-23,잠실,0,14:00,0,0,0,0,0,0,0
2024-03-24,잠실,0,14:00,0,0,0,0,0,0,0
2024-03-26,잠실,0,18:30,0,0,0,0,0,0,0
2024-03-27,잠실,0,18:30,0,0,0,0,0,0,0
2024-03-28,잠실,0,18:30,0,0,0,0,0,0.4,0
2024-03-29,잠실,0,18:30,0,0,0,0,0,0,0
2024-03-30,잠실,0,14:00,0,0,0,0,0,0,0
2024-03-31,잠실,0,14:00,0,0,0,0,0,0,0
2024-04-02,잠실,0,18:30,0,0,0,0,0,0,0
2024-04-03,잠실,0,18:30,0,0,0,0,0,0,0
2024-04-04,잠실,0,18:30,0,0,0,0,0,0,0
2024-04-05,잠실,0,18:30,0,0,0,0,0,0,0
2024-04-06,잠실,0,17:00,0,0,0,0,0,0,0
2024-04-07,잠실,0,14:00,0,0,0,0,0,0,0
2024-04-09,잠실,0,18:30,0,0,0,0,0,0,0
2024-04-10,잠실,0,14:00,0,0,0,0,0,0,0
2024-04-11,잠실,0,18:30,0,0,0,0,0,0,0
2024-04-12,잠실,0,18:30,0,0,0,0,0,0,0
2024-04-13,잠실,0,17:00,0,0,0,0,0,0,0
2024-04-14,잠실,0,14:00,0,0,0,0,0,0,0
2024-04-16,잠실,0,18:30,0,0,0,0,0,0,0
2024-04-17,잠실,0,18:30,0,0,0,0,0,0,0
2024-04-18,잠실,0,18:30,0,0,0,0,0,0,0
2024-04-19,잠실,0,18:30,0,0,0,0,0,0,0
2024-04-20,잠실,1,17:00,0.2,0.5,0.8,0.9,0.3,1,2.4
2024-04-21,잠실,0,14:00,0,0,0,0,0,0,0
2024-04-23,잠실,0,18:30,0,0,0,0,0,0,0
2024-04-24,잠실,0,18:30,0,0,0,0,0,0,0
2024-04-25,잠실,0,18:30,0,0,0,0,0,0,0
2024-04-26,잠실,0,18:30,0,0,0,0,0,0,0
2024-04-27,잠실,0,14:00,0,0,0,0,0,0,0
2024-04-28,잠실,0,14:00,0,0,0,0,0,0,0
2024-04-30,잠실,0,18:30,0,0,0,0,0,0,0
2024-05-01,잠실,0,18:30,0,0,0,0,0,0,0
2024-05-02,잠실,0,18:30,0,0,0,0,0,0,0
2024-05-03,잠실,0,18:30,0,0,0,0,0,0,0
2024-05-04,잠실,0,14:00,0,0,0,0,0,0,0
2024-05-05,잠실,1,14:00,4.9,4.5,4.2,2,7.8,3,15.6
2024-05-07,잠실,0,18:30,0,0,0,0,0,0,0
2024-05-08,잠실,0,18:30,0,0,0,0,0,0,0
2024-05-09,잠실,0,18:30,0,0,0,0,0,0,0
2024-05-10,잠실,0,18:30,0,0,0,0,0,0,0
2024-05-11,잠실,1,17:00,0.1,2.1,1.6,4,7.7,5.6,7.8
2024-05-12,잠실,0,17:00,0,0,0,0,0,0,0
2024-05-14,잠실,0,18:30,0,0,0,0,0,0,0
2024-05-15,잠실,1,14:00,0,0,0,0,3,3.1,0
2024-05-16,잠실,0,18:30,0,0,0,0,0,0,0
2024-05-17,잠실,0,18:30,0,0,0,0,0,0,0
2024-05-18,잠실,0,17:00,0,0,0,0,0,0,0
2024-05-19,잠실,0,14:00,0,0,0,0,0,0,0
2024-05-21,잠실,0,18:30,0,0,0,0,0,0,0
2024-05-22,잠실,0,18:30,0,0,0,0,0,0,0
2024-05-23,잠실,0,18:30,0,0,0,0,0,0,0
2024-05-24,잠실,0,18:30,0,0,0,0,0,0,0
2024-05-25,잠실,0,14:00,0,0,0,0,0,0,0
2024-05-26,잠실,0,14:00,0,0,0,0.6,1,0.3,0.6
2024-05-28,잠실,0,18:30,0,0,0,0,0,0,0
2024-05-29,잠실,0,18:30,0,0,0,0,0,0,0
2024-05-30,잠실,0,18:30,0,0,0,0,0,0,0
2024-05-31,잠실,0,18:30,0,0,0,0,1,0,0
2024-06-01,잠실,0,17:00,0,0,0,0,0,0,0
2024-06-02,잠실,0,14:00,0,0,0,0,0,0,0
2024-06-04,잠실,0,18:30,0,0,0,0,0,0,0
2024-06-05,잠실,0,18:30,0,0,0,0,0,0,0
2024-06-06,잠실,0,17:00,0,0,0,0,0,0,0
2024-06-07,잠실,0,18:30,0,0,0,0,0,0,0
2024-06-08,잠실,0,17:00,0,0,0,0,0,0,0
2024-06-09,잠실,0,17:00,0,0,0,0,0,0,0
2024-06-11,잠실,0,18:30,0,0,0,0,0,0,0
2024-06-12,잠실,0,18:30,0,0,0,0,0,0,0
2024-06-13,잠실,0,18:30,0,0,0,0,0,0,0
2024-06-14,잠실,0,18:30,0,0,0,0,0,0,0
2024-06-15,잠실,0,17:00,0,0,0,0,0,0,0
2024-06-16,잠실,0,17:00,0,0,0,0,0,0,0
2024-06-18,잠실,0,18:30,0,0,0,0,0,0,0
2024-06-19,잠실,0,18:30,0,0,0,0,0,0,0
2024-06-20,잠실,0,18:30,0,0,0,0,0,0,0
2024-06-21,잠실,0,18:30,0,0,0,0,0,0,0
2024-06-22,잠실,1,17:00,2.4,1.2,0.9,0.1,0,0,4.6
2024-06-23,잠실,0,14:00,0,0,0,0,0,0,0
2024-06-23,잠실,0,17:00,0,0,0,0,0,0,0
2024-06-25,잠실,0,18:30,0,0,0,0,0,0,0
2024-06-26,잠실,0,18:30,0,0,0,0,0,0,0
2024-06-27,잠실,0,18:30,0,0,0,0,0,0,0
2024-06-28,잠실,0,18:30,0,0,0,0,0,0,0
2024-06-29,잠실,0,17:00,0,0,0,0,0,0,0
2024-06-30,잠실,0,17:00,0,0,0,0,0,0,0
2024-07-02,잠실,1,18:30,1.9,1.5,1,0.2,0.1,0.1,4.6
2024-07-03,잠실,0,18:30,0,0,0,0,0,0,0
2024-07-04,잠실,0,18:30,0,0,0,0,0,0,0
2024-07-09,잠실,0,18:30,0,0,0.1,0,0,0,0.1
2024-07-10,잠실,0,18:30,0,0,0,0,0,0,0
2024-07-11,잠실,0,18:30,0,0,0,0,0,0,0
2024-07-12,잠실,0,18:30,0,0,0,0,0,0,0
2024-07-13,잠실,0,18:00,0,0,0,0,0,0,0
2024-07-14,잠실,0,17:00,0,0,0,0,0,0,0
2024-07-16,잠실,1,18:30,0,3.5,2.8,0.4,0,0,6.7
2024-07-17,잠실,0,18:30,0,0.4,1.8,4,0,0,6.2
2024-07-18,잠실,1,18:30,18,9.5,0,0,0,0,27.5
2024-07-19,잠실,0,18:30,0,0,0,0,0,0,0
2024-07-20,잠실,1,18:00,0,0,0,0,12.1,1.7,0
2024-07-21,잠실,0,17:00,0,0,0,0,0,0,0
2024-07-23,잠실,0,18:30,0,0,0,0,0,0,0
2024-07-24,잠실,0,18:30,0,0,0,0,0,0,0
2024-07-25,잠실,0,18:30,0,0,0,0,0,0,0
2024-07-26,잠실,1,18:30,2.9,0,1.9,0,0,0,4.8
2024-07-27,잠실,1,18:00,4.8,3.4,5.9,10.1,7.8,0,24.2
2024-07-28,잠실,0,17:00,0,0,0,0,0,0,0
2024-07-30,잠실,0,18:30,0,0,0,0,0,0,0
2024-07-31,잠실,0,18:30,0,0,0,0,0,0,0
2024-08-01,잠실,0,18:30,0,0,0,0,0,0,0
2024-08-02,잠실,0,18:30,0,0,0,0,0,0,0
2024-08-03,잠실,0,18:00,0,0,0,0,0,0,0
2024-08-04,잠실,0,17:00,0,0,0,0,0,0,0
2024-08-06,잠실,0,18:30,0,0,0,0,0,0,0
2024-08-07,잠실,0,18:30,0,0,0,0,0,0,0
2024-08-08,잠실,0,18:30,0,0,0,0,0,0,0
2024-08-09,잠실,0,18:30,0,0,0,0,0,0,0
2024-08-10,잠실,0,18:00,0,0,0,0,0,0,0
2024-08-11,잠실,0,18:00,0,0,0,0,0,0,0
2024-08-13,잠실,1,18:30,0,0,0,0,0,0,0
2024-08-14,잠실,0,18:30,0,0,2.8,0.2,0,0,3
2024-08-15,잠실,0,18:00,0,0,6.1,0,0,0,6.1
2024-08-16,잠실,0,18:30,0,0,0,0,0,0,0
2024-08-17,잠실,0,18:00,0,0,0,0,0,0,0
2024-08-18,잠실,0,18:00,0,0,0,0,0,0,0
2024-08-20,잠실,0,18:30,0,0,0,0,0,0,0
2024-08-21,잠실,0,18:30,0,0,0,0,0,0,0
2024-08-22,잠실,0,18:30,0,0.4,0.1,0.1,0,0,0.6
2024-08-23,잠실,0,18:30,0,0,0,0,0,0,0
2024-08-24,잠실,0,18:00,0.5,0,0,0,0,0,0.5
2024-08-25,잠실,0,18:00,0,0,0,0,0,0,0
2024-08-27,잠실,0,18:30,0,0,0,0,0,0,0
2024-08-28,잠실,0,18:30,0,0,0,0,0,0,0
2024-08-29,잠실,0,18:30,0,0,0,0,0,0,0
2024-08-31,잠실,0,18:00,0,0,0,0,0,0,0
2024-09-01,잠실,0,14:00,0,0,0,0,0,0,0
2024-09-04,잠실,0,18:30,0,0,0,0,0,0,0
2024-09-05,잠실,0,18:30,2.8,0.2,0,0,0,0,3
2024-09-06,잠실,0,18:30,0,0,0,0,0,0,0
2024-09-07,잠실,0,14:00,0,0,0,0,0,0,0
2024-09-08,잠실,0,14:00,0,0,0,0,0,0,0
2024-09-10,잠실,0,18:30,0,0,0,0,0,0,0
2024-09-11,잠실,0,18:30,0,0,0,0,0,0,0
2024-09-12,잠실,1,18:30,3.2,2,0.1,0.1,0,0,3.6
2024-09-13,잠실,1,18:30,0.6,2.5,0.4,0,0,0,3.5
2024-09-14,잠실,0,17:00,0,0,0,0,0,0,0
2024-09-16,잠실,0,14:00,0,0,0,0,0,0,0
2024-09-17,잠실,0,14:00,0,0,0,0,0,0,0
2024-09-19,잠실,0,18:30,0,0,0,0,0,0,0
2024-09-20,잠실,1,18:30,3.4,4.7,4,4.6,3.2,2.7,12.1
2024-09-21,잠실,0,14:00,0,0,0,0,0,0,0
2024-09-21,잠실,0,17:00,0,0,0,0,0,0,0
2024-09-22,잠실,0,14:00,0,0,0,0,0,0,0
2024-09-23,잠실,0,18:30,0,0,0,0,0,0,0
2024-09-24,잠실,0,18:30,0,0,0,0,0,0,0
2024-09-25,잠실,0,18:30,0,0,0,0,0,0,0
2024-09-26,잠실,0,18:30,0,0,0,0,0,0,0
2020-05-08,창원,0,18:30,0,0,0,0,0,0,0
2020-05-09,창원,1,17:00,3.6,3.2,3.3,2.8,0.7,0,12.9
2020-05-10,창원,0,14:00,0,0,0,0,0,0,0
2020-05-12,창원,0,18:30,0,0,0,0,0,0,0
2020-05-13,창원,0,18:30,0,0,0,0,0,0,0
2020-05-14,창원,0,18:30,0,0,0,0,0,0,0
2020-05-26,창원,0,18:30,0,0,0,0,0,0,0
2020-05-27,창원,0,18:30,0,0,0,0,0,0,0
2020-05-28,창원,0,18:30,0,0,0,0,0,0,0
2020-06-02,창원,0,18:30,0,0,0,0,0,0,0
2020-06-03,창원,0,18:30,0,0,0,0,0,0,0
2020-06-04,창원,0,18:30,0,0,0,0,0,0,0
2020-06-09,창원,0,18:30,0,0,0,0,0,0,0
2020-06-10,창원,0,18:30,0,0,0,0,0,0,0
2020-06-11,창원,0,18:30,0,0,0,0,0,0,0
2020-06-12,창원,0,18:30,0,0,0,0,0,0,0
2020-06-13,창원,0,17:00,0,0,0,0,0,0.1,0
2020-06-14,창원,0,17:00,0,0,0,0,0,0,0
2020-06-19,창원,0,18:30,0,0,0,0,0,0,0
2020-06-20,창원,0,17:00,0,0,0,0,0,0,0
2020-06-21,창원,0,17:00,0,0,0,0,0,0,0
2020-06-30,창원,0,18:30,0,0,0,0,0,0,0
2020-07-01,창원,0,18:30,0,0,0,0,0,0.1,0
2020-07-02,창원,0,18:30,0,0,0,0,0,0,0
2020-07-03,창원,0,18:30,0,0,0,0,0,0,0
2020-07-04,창원,0,18:00,0,0,0,0,0,0,0
2020-07-05,창원,0,17:00,0,0,0,0,0,0,0
2020-07-17,창원,0,18:30,0,0,0,0,0,0,0
2020-07-18,창원,0,18:00,0,0,0,0,0,0,0
2020-07-19,창원,0,17:00,1.5,0.4,0,0,0,0,1.9
2020-07-21,창원,0,18:30,0,0,0,0,0,0,0
2020-07-22,창원,1,18:30,5.5,0.5,0.4,0.1,0.3,0.3,6.5
2020-07-23,창원,1,18:30,4.6,4.6,3.6,2,0.5,8.3,14.8
2020-07-31,창원,0,18:30,0,0,0,0,0,0,0
2020-08-01,창원,0,18:00,0,0,0,0,0,0,0
2020-08-02,창원,0,17:00,0,0,0,0,0,0,0
2020-08-14,창원,0,18:30,0,0,0,0,0,0,0
2020-08-15,창원,0,17:00,0,0,0,0,0,0,0
2020-08-16,창원,0,17:00,0,0,0,0,0,0,0
2020-08-18,창원,0,18:30,0,0,0,0,0,0,0
2020-08-19,창원,0,18:30,0,0,0,0,0,0,0
2020-08-20,창원,0,18:30,0,0,0,0,0,0,0
2020-08-25,창원,0,18:30,0,0,0,0,0,0,0
2020-08-26,창원,0,18:30,0,0,0,0.5,0,0.5,0.5
2020-08-27,창원,0,18:30,0,0,0,0,0,0,0
2020-08-28,창원,0,18:30,0,0,0,0,0,0,0
2020-08-29,창원,0,18:00,0,0,0,0,17.8,0,0
2020-08-30,창원,0,17:00,0,0,0,0,0,0,0
2020-09-08,창원,0,18:30,0,0,0,0,0,0,0
2020-09-09,창원,0,18:30,0,0,0,0,0,0,0
2020-09-10,창원,0,18:30,0,0,0,0,0,0,0
2020-09-11,창원,0,18:30,0,0,0,0,0,0,0
2020-09-12,창원,0,17:00,0,0,0,0,0,0,0
2020-09-13,창원,0,14:00,0,0,0,0,0,0,0
2020-09-22,창원,0,18:30,0,0,0,0,0,0,0
2020-09-23,창원,0,18:30,0,0,0,0,0,0,0
2020-09-24,창원,0,18:30,0,0,0,0,0,0,0
2020-09-25,창원,0,18:30,0,0,0,0,0,0,0
2020-09-29,창원,0,18:30,0,0,0,0,0,0,0
2020-09-30,창원,0,14:00,0,0,0,0,0,0,0
2020-10-01,창원,0,14:00,0,0,0,0,0,0,0
2020-10-02,창원,0,14:00,0,0,0,0,0,0,0
2020-10-03,창원,0,14:00,0,0,0,0,0,0,0
2020-10-03,창원,0,17:00,0,0,0,0,0,0,0
2020-10-04,창원,0,14:00,0,0,0,0,0,0,0
2020-10-13,창원,0,18:30,0,0,0,0,0,0,0
2020-10-14,창원,0,18:30,0,0,0,0,0,0,0
2020-10-15,창원,0,18:30,0,0,0,0,0,0,0
2020-10-16,창원,0,18:30,0,0,0,0,0,0,0
2020-10-17,창원,0,17:00,0,0,0,0,0,0,0
2020-10-18,창원,0,14:00,0,0,0,0,0,0,0
2020-10-24,창원,0,17:00,0,0,0,0,0,0,0
2020-10-27,창원,0,18:30,0,0,0,0,0,0,0
2021-04-03,창원,1,18:30,3.2,3,1.7,6.6,7,3.1,14.5
2021-04-04,창원,0,18:30,0,0,0,0,0,0,0
2021-04-06,창원,0,18:30,0,0,0,0,0,0,0
2021-04-07,창원,0,18:30,0,0,0,0,0,0,0
2021-04-08,창원,0,18:30,0,0,0,0,0,0,0
2021-04-16,창원,0,18:30,0,0,0,0,0,0,0
2021-04-17,창원,0,17:00,0,0,0,0,0,0,0
2021-04-18,창원,0,14:00,0,0,0,0,0,0,0
2021-04-20,창원,0,18:30,0,0,0,0,0,0,0
2021-04-21,창원,0,18:30,0,0,0,0,0,0,0
2021-04-22,창원,0,18:30,0,0,0,0,0,0,0
2021-04-30,창원,0,18:30,0,0,0,0,0,0,0
2021-05-01,창원,0,17:00,0,0,0,0,0,0,0
2021-05-02,창원,0,14:00,0,0,0,0,0,0,0
2021-05-05,창원,0,14:00,0,0,0,0,0,0,0
2021-05-06,창원,0,18:30,0,0,0,0,0,0,0
2021-05-14,창원,0,19:00,0,0,0,0,0,0,0
2021-05-15,창원,0,14:00,0.8,0.2,0.1,0,0,0,1.1
2021-05-16,창원,1,14:00,0,10.8,0.5,2.6,1,2,13.9
2021-05-17,창원,0,18:30,0,0,0,0,0,0,0
2021-05-26,창원,0,18:30,0,0,0,0,0,0,0
2021-05-27,창원,0,18:30,0,0,0,0,0,0,0
2021-06-01,창원,0,18:30,0,0,0,0,0,0,0
2021-06-02,창원,0,18:30,0,0,0,0,0,0,0
2021-06-03,창원,1,18:30,1.5,1,1,0.5,0.5,0.2,4
2021-06-04,창원,0,19:00,0,0,0,0,0,0,0
2021-06-05,창원,0,17:00,0,0,0,0,0,0,0
2021-06-06,창원,0,17:00,0,0,0,0,0,0,0
2021-06-15,창원,1,18:30,0.5,2.7,5.6,2.2,1,0.8,11.2
2021-06-16,창원,0,18:30,0,0,0,0,0,0,0
2021-06-17,창원,0,18:30,0,0,0,0,0,0,0
2021-06-18,창원,0,18:30,0,0,0,0,0,0,0
2021-06-19,창원,0,17:00,0,0,0,0,0,0,0
2021-06-20,창원,0,17:00,0,0,0,0,0,0,0
2021-06-25,창원,0,19:00,0,0,0,0,0,0,0
2021-06-26,창원,0,17:00,0,0,0,0,0,0,0
2021-06-27,창원,0,17:00,0,0,0,0,0,0,0
2021-07-02,창원,0,19:00,0,0,0,0,0,0,0
2021-07-03,창원,1,18:00,7.7,4.2,4.6,3.2,2.8,0.1,19.7
2021-07-04,창원,0,17:00,0,0,0,0,0,0,0
2021-07-05,창원,1,18:30,0.1,0.1,2.5,0.1,0.7,0.4,2.8
2021-08-10,창원,0,18:30,0,0,0,0,0,0,0
2021-08-11,창원,0,18:30,0,0,0,0,0,0,0
2021-08-12,창원,0,18:30,0,0,0,0,0,0,0
2021-08-20,창원,0,19:00,0,0,0,0,0,0,0
2021-08-21,창원,1,18:00,14.7,2.5,2.9,0,0.6,1.3,20.1
2021-08-22,창원,0,17:00,0,0,0,0,0,0,0
2021-08-23,창원,1,18:30,15.6,17.2,0.1,0,0,5.7,32.9
2021-08-24,창원,1,18:30,0.2,0.3,1.2,0,0,0,1.7
2021-08-25,창원,1,18:30,0.3,0.3,0.2,0,0,0,0.8
2021-08-26,창원,0,18:30,0,0,0,0,0,0,0
2021-08-26,창원,0,18:30,0,0,0,0,0,0,0
2021-08-27,창원,0,19:00,0,0,0,0,0,0,0
2021-09-04,창원,0,17:00,0,0,0,0,0,0,0
2021-09-05,창원,0,14:00,0,0,0,0,0,0,0
2021-09-07,창원,0,18:30,0,0,0,0,0,0,0
2021-09-08,창원,0,18:30,0,0,0,0,0,0,0
2021-09-09,창원,0,18:30,0,0,0,0,0,0,0
2021-09-10,창원,0,19:00,0,0,0,0,0,0,0
2021-09-14,창원,0,18:30,0,0,0,0,0,0,0
2021-09-15,창원,0,18:30,0,0,0,0,0,0,0
2021-09-16,창원,0,18:30,0,0,0,0,0,0,0
2021-09-17,창원,0,15:00,0,0,0,0,0,0,0
2021-09-17,창원,1,18:30,0,0,0,0,0,0,0
2021-09-18,창원,0,17:00,0,0,0,0,0,0,0
2021-09-19,창원,0,14:00,0,0,0,0,0,0,0
2021-09-28,창원,0,18:30,0,0,0,0,0,0,0
2021-09-29,창원,0,15:00,0.2,0.2,0,0.1,0,0,0.5
2021-09-29,창원,1,18:30,0,0,0,1.6,12.9,12.2,1.6
2021-09-30,창원,0,18:30,0,0,0,0,0,0,0
2021-10-01,창원,0,19:00,0,0,0,0,0,0,0
2021-10-07,창원,0,18:30,0,0,0,0,0,0,0
2021-10-08,창원,0,19:00,0,0,0,0,0,0,0
2021-10-10,창원,0,14:00,0,0,0,0,0,0,0
2021-10-16,창원,0,17:00,0,0,0,0,0,0,0
2021-10-17,창원,0,14:00,0,0,0,0,0,0,0
2021-10-17,창원,0,17:00,0,0,0,0,0,0,0
2021-10-19,창원,0,18:30,0,0,0,0,0,0,0
2021-10-22,창원,0,18:30,0,0,0,0,0,0,0
2021-10-23,창원,0,14:00,0,0,0,0,0,0,0
2021-10-23,창원,0,17:00,0,0,0,0,0,0,0
2021-10-24,창원,0,14:00,0,0,0,0,0,0,0
2021-10-26,창원,0,18:30,0,0,0,0,0,0,0
2021-10-29,창원,0,18:30,0,0,0,0,0,0,0
2021-10-30,창원,0,17:00,0,0,0,0,0,0,0
2022-04-02,창원,0,14:00,0,0,0,0,0,0,0
2022-04-03,창원,0,14:00,0,0,0,0,0,0,0
2022-04-05,창원,0,18:30,0,0,0,0,0,0,0
2022-04-06,창원,0,18:30,0,0,0,0,0,0,0
2022-04-07,창원,0,18:30,0,0,0,0,0,0,0
2022-04-15,창원,0,18:30,0,0,0,0,0,0,0
2022-04-16,창원,0,17:00,0,0,0,0,0,0,0
2022-04-17,창원,0,14:00,0,0,0,0,0,0,0
2022-04-19,창원,0,18:30,0,0,0,0,0,0,0
2022-04-20,창원,0,18:30,0,0,0,0,0,0,0
2022-04-21,창원,0,18:30,0.7,0.9,0.2,0,0,0,1.8
2022-04-29,창원,0,18:30,0,0,0,0,0,0,0
2022-04-30,창원,0,17:00,0,0,0,0,0,0,0
2022-05-01,창원,0,14:00,0,0,0,0,0,0,0
2022-05-06,창원,0,18:30,0,0,0,0,0,0,0
2022-05-07,창원,0,17:00,0,0,0,0,0,0,0
2022-05-08,창원,0,14:00,0,0,0,0,0,0,0
2022-05-17,창원,0,18:30,0,0,0,0,0,0,0
2022-05-18,창원,0,18:30,0,0,0,0,0,0,0
2022-05-19,창원,0,18:30,0,0,0,0,0,0,0
2022-05-24,창원,0,18:30,0,0,0,0,0,0,0
2022-05-25,창원,0,18:30,0,0,0,0,0,0,0
2022-05-26,창원,0,18:30,0,0,0,0,0,0,0
2022-05-27,창원,0,18:30,0,0,0,0,0,0,0
2022-05-28,창원,0,17:00,0,0,0,0,0,0,0
2022-05-29,창원,0,14:00,0,0,0,0,0,0,0
2022-06-03,창원,0,18:30,0,0,0,0,0,0,0
2022-06-04,창원,0,17:00,0,0,0,0,0,0,0
2022-06-05,창원,1,17:00,0.1,3,7.1,5,7.6,8.2,15.2
2022-06-07,창원,0,18:30,0,0,0,0,0,0,0
2022-06-08,창원,0,18:30,0,0,0,0,0,0,0
2022-06-09,창원,0,18:30,0,0,0,0,0,0,0
2022-06-14,창원,1,18:30,5.1,0,0.2,2.9,1.2,0,8.2
2022-06-15,창원,0,18:30,0,0,0,0,0,0,0
2022-06-16,창원,0,18:30,0,0,0,0,0,0,0
2022-06-17,창원,0,18:30,0,0,0,0,0,0,0
2022-06-18,창원,0,17:00,0,0,0,0,0,0,0
2022-06-19,창원,0,17:00,0,0,0,0,0,0,0
2022-07-01,창원,0,18:30,0,0,0,0,0,0,0
2022-07-02,창원,0,18:00,0,0,0,0,0,0,0
2022-07-03,창원,0,17:00,0,0,0,0,0,0,0
2022-07-12,창원,0,18:30,0,0,0,0,0,0,0
2022-07-13,창원,0,18:30,0,0,0,0,0,0,0
2022-07-14,창원,0,18:30,0,0,0,0,0,0,0
2022-07-22,창원,0,18:30,0,0,0,0,0,0,0
2022-07-23,창원,0,18:00,0,0,0,0,0,0,0
2022-07-24,창원,0,17:00,0,0,0,0,0,0,0
2022-07-29,창원,0,18:30,0,0,0,0,0,0,0
2022-07-30,창원,0,18:00,0,0,0,0,0,0,0
2022-07-31,창원,0,17:00,0.3,0,0,0,0,0,0.3
2022-08-02,창원,1,18:30,0,0.1,1.2,0.7,0.2,1.6,2
2022-08-03,창원,0,18:30,0,0,0,0,0,0,0
2022-08-04,창원,0,18:30,0,0,0,0,0,0,0
2022-08-13,창원,0,18:00,0,0,0,0,0,0.3,0
2022-08-14,창원,0,17:00,0,0,0,0,0,0,0
2022-08-16,창원,1,18:30,0.1,1,1,8.6,10.4,12.6,10.7
2022-08-17,창원,0,18:30,0,0,0,0,0,0,0
2022-08-23,창원,0,18:30,0,0,0,1.4,0.1,0,1.4
2022-08-24,창원,0,18:30,0,0,0,0,0,0,0
2022-08-25,창원,0,18:30,0,0,0,0,0,0,0
2022-08-26,창원,0,18:30,0,0,0,0,0,0,0
2022-08-27,창원,0,18:00,0,0,0,0,0,0,0
2022-08-28,창원,0,17:00,0,0,0,0,0,0,0
2022-09-06,창원,0,18:30,0,0,0,0,0,0,0
2022-09-07,창원,0,18:30,0,0,0,0,0,0,0
2022-09-13,창원,0,18:30,0,0,0,0,0,0,0
2022-09-14,창원,0,18:30,0,0,0,0,0,0,0
2022-09-15,창원,0,18:30,0,0,0,0,0,0,0
2022-09-16,창원,0,18:30,0,0,0,0,0,0,0
2022-09-22,창원,0,18:30,0,0,0,0,0,0,0
2022-09-23,창원,0,18:30,0,0,0,0,0,0,0
2022-09-24,창원,0,17:00,0,0,0,0,0,0,0
2022-09-25,창원,0,14:00,0,0,0,0,0,0,0
2022-09-27,창원,0,18:30,0,0,0,0,0,0,0
2022-09-28,창원,0,18:30,0,0,0,0,0,0,0
2022-10-05,창원,0,18:30,0,0,0,0,0,0,0
2022-10-06,창원,0,18:30,0,0,0,0,0,0,0
2022-10-07,창원,0,18:30,0,0,0,0,0,0,0
2022-10-08,창원,0,17:00,0,0,0,0,0,0,0
2023-04-07,창원,0,18:30,0,0,0,0,0,0,0
2023-04-08,창원,0,17:00,0,0,0,0,0,0,0
2023-04-09,창원,0,14:00,0,0,0,0,0,0,0
2023-04-11,창원,0,18:30,0,0,0,0,0,0,0
2023-04-12,창원,0,18:30,0,0,0,0,0,0,0
2023-04-13,창원,0,18:30,0,0,0,0,0,0,0
2023-04-21,창원,0,18:30,0,0,0,0,0,0,0
2023-04-22,창원,0,17:00,0,0,0,0,0,0,0
2023-04-23,창원,0,14:00,0,0,0,0,0,0,0
2023-05-02,창원,0,18:30,0,0,0,0,0,0,0
2023-05-03,창원,0,18:30,0,0,0,0,0,0,0
2023-05-04,창원,1,18:30,0,0,0,0.5,0.6,0.6,0.5
2023-05-05,창원,1,14:00,5.2,4.9,10.8,3.5,0.6,3.7,24.4
2023-05-06,창원,1,17:00,5.3,6.8,0.7,0,0,0,12.8
2023-05-07,창원,1,14:00,0,0.9,0.6,0.7,1.1,1.2,2.2
2023-05-16,창원,0,18:30,0,0,0,0,0,0,0
2023-05-17,창원,0,18:30,0,0,0,0,0,0,0
2023-05-18,창원,1,18:30,1.4,0.7,0.3,0.4,3.6,5.6,2.8
2023-05-19,창원,0,18:30,0,0,0,0,0,0,0
2023-05-20,창원,0,17:00,0,0,0,0,0,0,0
2023-05-21,창원,0,14:00,0,0,0,0,0,0,0
2023-05-26,창원,0,18:30,0,0,0,0,0,0,0
2023-05-27,창원,0,14:00,0,0,0,0,0,0,0
2023-05-28,창원,1,14:00,0.6,0.3,0.5,0.9,0.4,1.6,2.3
2023-05-30,창원,0,18:30,0,0,0,0,0,0,0
2023-05-31,창원,0,18:30,0,0,0,0,0,0,0
2023-06-01,창원,0,18:30,0,0,0,0,0,0,0
2023-06-09,창원,0,18:30,0,0,0,0,0,0,0
2023-06-10,창원,0,17:00,0,0,0,0,0,0,0
2023-06-11,창원,0,17:00,0,0,0,0,0,0,0
2023-06-13,창원,0,18:30,0,0,0.7,0,0,0,0.7
2023-06-14,창원,0,18:30,0,0,0,0,0,0,0
2023-06-15,창원,0,18:30,0,0,0,0,0,0,0
2023-06-20,창원,0,18:30,0,0,0,0,0,0,0
2023-06-21,창원,0,18:30,0,0,0,0,0,0,0
2023-06-22,창원,0,18:30,0,0,0,0,0,0,0
2023-06-23,창원,0,18:30,0,0,0,0,0,0,0
2023-06-24,창원,0,17:00,0,0,0,0,0,0,0
2023-06-25,창원,1,17:00,0,0,0,0,2.8,4.9,0
2023-07-07,창원,1,18:30,15.8,2.6,25.9,16.6,0.4,0.1,60.9
2023-07-08,창원,0,18:00,0.2,0,0,0,0,0,0.2
2023-07-09,창원,0,17:00,0,0,0,0,0,0,0
2023-07-11,창원,1,18:30,1.1,0.6,0.4,0.2,1.7,0,2.3
2023-07-12,창원,0,18:30,0,0,0,0,0,0,0
2023-07-13,창원,0,18:30,0,0,0,0,0,0,0
2023-07-25,창원,0,18:30,0,0,0,0,0,0,0
2023-07-26,창원,0,18:30,0,0,0,0,0,0,0
2023-07-27,창원,0,18:30,0,0,0,0,0,0,0
2023-07-28,창원,0,18:30,0,0,0,0,0,0,0
2023-07-29,창원,0,18:00,0,0,0,0,0,0,0
2023-07-30,창원,0,17:00,0,0,0,0,0,0,0
2023-08-04,창원,0,18:30,0,0,0,0,0,0,0
2023-08-05,창원,0,18:00,0,0,0,0,0,0,0
2023-08-06,창원,0,17:00,0,0,0,0,0,0,0
2023-08-15,창원,0,17:00,0,0,0,0,0,0,0
2023-08-16,창원,0,18:30,0,0,0,0,0,0,0
2023-08-17,창원,0,18:30,0,0,0,0,0,0,0
2023-08-25,창원,0,18:30,0,0,0,0,0,0,0
2023-08-26,창원,0,18:00,0,0,0,0,0,0,0
2023-08-27,창원,0,14:00,0,0,0,0,0,0,0
2023-09-05,창원,0,18:30,0,0,0,0,0,0,0
2023-09-06,창원,0,18:30,0,0,0,0,0,0,0
2023-09-07,창원,0,18:30,0,0,0,0,0,0,0
2023-09-08,창원,0,18:30,0,0,0,0,0,0,0
2023-09-09,창원,0,14:00,0,0,0,0,0,0,0
2023-09-09,창원,0,17:00,0,0,0,0,0,0,0
2023-09-10,창원,0,14:00,0,0,0,0,0,0,0
2023-09-13,창원,0,18:30,0,0,0,0,0,0,0
2023-09-14,창원,1,18:30,0.2,0.7,0.5,1.4,0.1,0.3,2.8
2023-09-15,창원,0,18:30,0,0,0.7,0.2,0.4,0,0.9
2023-09-16,창원,1,17:00,2.4,3.5,0,8.4,1.1,2.6,14.3
2023-09-23,창원,0,17:00,0,0,0,0,0,0,0
2023-09-24,창원,0,14:00,0,0,0,0,0,0,0
2023-09-26,창원,0,18:30,0,0,0,0,0,0,0
2023-09-27,창원,0,15:00,0,0,0,0,0,0,0
2023-09-27,창원,0,18:30,0,0,0,0,0,0,0
2023-09-28,창원,0,17:00,0,0,0,0,0,0,0
2023-10-07,창원,0,17:00,0,0,0,0,0,0,0
2023-10-08,창원,0,14:00,0,0,0,0,0,0,0
2023-10-09,창원,0,14:00,0,0,0,0,0,0,0
2023-10-10,창원,0,18:30,0,0,0,0,0,0,0
2023-10-13,창원,0,18:30,0,0,0,0,0,0,0
2023-10-15,창원,0,14:00,0,0,0,0,0,0,0
2024-03-23,창원,0,14:00,0,0,0,0,0,0,0
2024-03-24,창원,0,14:00,0,0.1,0,0,0,0,0.1
2024-03-26,창원,0,18:30,0,0,0,0,0,0,0
2024-03-27,창원,0,18:30,0,0,0,0,0,0,0
2024-03-28,창원,1,18:30,14.2,8.6,10.1,33.2,20.4,14.1,66.1
2024-04-05,창원,0,18:30,0,0,0,0,0,0,0
2024-04-06,창원,0,17:00,0,0,0,0,0,0,0
2024-04-07,창원,0,14:00,0,0,0,0,0,0,0
2024-04-09,창원,0,18:30,0,0,0,0,0,0,0
2024-04-10,창원,0,14:00,0,0,0,0,0,0,0
2024-04-11,창원,0,18:30,0,0,0,0,0,0,0
2024-04-16,창원,0,18:30,0,0,0,0,0,0,0
2024-04-17,창원,0,18:30,0,0,0,0,0,0,0
2024-04-18,창원,0,18:30,0,0,0,0,0,0,0
2024-04-26,창원,0,18:30,0,0,0,0,0,0,0
2024-04-27,창원,0,17:00,0,0,0,0,0,0,0
2024-04-28,창원,0,14:00,0,0,0,0,0,0,0
2024-04-30,창원,0,18:30,0,0,0,0,0,0,0
2024-05-01,창원,0,18:30,0,0,0,0,0,0,0
2024-05-02,창원,0,18:30,0,0,0,0,0,0,0
2024-05-10,창원,0,18:30,0,0,0,0,0,0,0
2024-05-11,창원,0,17:00,0,0,0,0,0,0,0
2024-05-12,창원,0,14:00,0,0,0,0,0,0,0
2024-05-17,창원,0,18:30,0,0,0,0,0,0,0
2024-05-18,창원,0,17:00,0,0,0,0,0,0,0
2024-05-19,창원,0,14:00,0,0,0,0,0,0,0
2024-05-28,창원,0,18:30,0,0,0,0,0,0,0
2024-05-29,창원,0,18:30,0,0,0,0,0,0,0
2024-05-30,창원,0,18:30,0,0,0,0,0,0,0
2024-06-04,창원,0,18:30,0,0,0,0,0,0,0
2024-06-05,창원,0,18:30,0,0,0,0,0,0,0
2024-06-06,창원,0,17:00,0,0,0,0,0,0,0
2024-06-11,창원,0,18:30,0,0,0,0,0,0,0
2024-06-12,창원,0,18:30,0,0,0,0,0,0,0
2024-06-13,창원,0,18:30,0,0,0,0,0,0,0
2024-06-14,창원,0,18:30,0,0,0,0,0,0,0
2024-06-15,창원,0,17:00,0,0,0,0,0,0,0
2024-06-16,창원,0,17:00,0,0,0,0,0,0,0
2024-06-28,창원,0,18:30,0,0,0,0,0,0,0
2024-06-29,창원,1,17:00,3.5,1.4,4.3,1.1,5.2,6.4,10.3
2024-06-30,창원,1,14:00,3.8,2.2,0,0,0,0,6
2024-06-30,창원,0,17:00,0,0,0,0,0,0.6,0
2024-07-02,창원,1,18:30,0.5,0.3,0.2,0.3,0.2,0.1,1.3
2024-07-03,창원,0,18:30,0,0,0,0,0,0,0
2024-07-04,창원,0,18:30,0,0,0,0,0,0,0
2024-07-12,창원,0,18:30,0,0,0,0,0,0,0
2024-07-13,창원,0,18:00,0,0,0,0,0,0,0
2024-07-14,창원,1,17:00,0,0.9,2.7,2,0.1,0,5.6
2024-07-16,창원,1,18:30,2.9,2.3,2.8,5.4,1.8,3.6,13.4
2024-07-17,창원,0,18:30,0,0,0,0,0,0,0
2024-07-18,창원,0,18:30,0,0,0,0,0,0,0
2024-07-26,창원,0,18:30,0,0,0,0,0,0,0
2024-07-27,창원,0,18:00,0,0,0,0,0,0,0
2024-07-28,창원,0,17:00,0,0,0,0,0,0,0
2024-08-02,창원,0,18:30,0,0,0,0,0,0,0
2024-08-03,창원,1,18:00,0,0,0,1.9,3.5,0,0
2024-08-04,창원,0,17:00,0,0,0,0,0,0,0
2024-08-13,창원,0,18:30,0,0,0,0,0,0,0
2024-08-14,창원,1,18:30,0,0,0,0,0,0,0
2024-08-15,창원,0,18:00,0,0,0,18.9,0,0,18.9
2024-08-16,창원,0,18:30,0,0,0,0,0,0,0
2024-08-17,창원,0,18:00,0,0,0,0,0,0,0
2024-08-18,창원,0,18:00,0,0,0,0,0,0,0
2024-08-23,창원,0,18:30,0,0,0,0,0,0,0
2024-08-24,창원,0,18:00,0,0,0,0,0,0,0
2024-08-25,창원,0,18:00,0,0,0,0,0,0,0
2024-08-27,창원,0,18:30,0,0,0,0,0,0,0
2024-08-28,창원,0,18:30,0,0,0,0,0,0,0
2024-08-29,창원,0,18:30,0,0,0,0,0,0,0
2024-09-03,창원,0,18:30,0,0,0,0,0,0,0
2024-09-04,창원,0,18:30,0,0,0,0,0,0,0
2024-09-05,창원,0,18:30,0,0,0,0,0,0,0
2024-09-06,창원,0,18:30,0,0,0,0,0,0,0
2024-09-14,창원,0,17:00,0,0,0,0,0,0,0
2024-09-15,창원,0,14:00,0,0,0,0,0,0,0
2024-09-17,창원,0,14:00,0,0,0,0,0,0,0
2024-09-18,창원,0,17:00,0,0,0,0,0,0,0
2024-09-19,창원,0,18:30,0,0,0,0,0,0,0
2024-09-20,창원,1,18:30,1.6,7.1,1.3,1.3,1.32,6.8,11.3
2024-09-25,창원,0,18:30,0,0,0,0,0,0,0
2024-09-26,창원,0,18:30,0,0,0,0,0,0,0
2024-09-28,창원,0,17:00,0,0,0,0,0,0.1,0
2024-10-01,창원,0,17:00,0,0,0,0,0,0,0
